similaridade,avaliador_idioma_ingles,avaliador_idioma_espanhol,target
0.0911372154951095,0.0,0.0,0
0.0152541864663362,1.0,1.0,0
0.0795897245407104,1.0,1.0,0
0.091220386326313,1.0,1.0,2
0.0363218411803245,1.0,1.0,2
0.156911164522171,0.0,0.0,2
-0.0221360772848129,0.0,1.0,0
0.0479389652609825,0.0,0.0,2
0.0305698961019516,0.0,0.0,1
0.029556393623352,0.0,0.0,1
0.0883288085460662,0.0,0.0,1
0.1485884487628936,0.0,1.0,0
0.0342842750251293,1.0,1.0,1
-0.0006330218166112,0.0,0.0,2
0.3222978711128235,0.0,1.0,2
0.0634296238422393,1.0,1.0,1
-0.0534797757863998,0.0,1.0,2
0.1331318318843841,0.0,0.0,2
-0.0108561683446168,1.0,1.0,0
0.1243100017309188,0.0,1.0,0
-0.0123646650463342,0.0,0.0,1
0.3586923480033874,1.0,1.0,0
0.0812464654445648,0.0,0.0,2
0.0356555245816707,0.0,0.0,2
0.0225690379738807,0.0,0.0,1
0.1189613789319992,0.0,0.0,1
0.0712072700262069,1.0,1.0,0
0.095071829855442,0.0,0.0,2
0.0598068609833717,0.0,0.0,2
-0.0150472614914178,1.0,1.0,0
0.1163903474807739,0.0,0.0,0
0.033325009047985,1.0,1.0,1
0.0966298282146453,0.0,1.0,1
0.043996300548315,0.0,0.0,1
0.4356514811515808,0.0,0.0,1
0.2332054674625396,0.0,0.0,0
0.0911501497030258,0.0,0.0,1
0.0647865086793899,1.0,1.0,0
0.1328580975532531,1.0,1.0,1
0.050273910164833,1.0,1.0,2
0.0376926288008689,0.0,1.0,2
0.0487968549132347,0.0,1.0,2
0.065151534974575,1.0,1.0,2
0.0488706678152084,0.0,1.0,1
0.4767019152641296,1.0,1.0,0
0.1203073188662529,1.0,1.0,2
0.0029540937393903,0.0,1.0,1
0.099682405591011,0.0,1.0,0
0.1005700379610061,0.0,1.0,0
0.0732586830854415,0.0,0.0,2
0.0590914413332939,1.0,1.0,2
0.0912955105304718,0.0,1.0,0
0.02898177690804,0.0,1.0,1
0.1230698823928833,0.0,1.0,1
0.0183910112828016,0.0,0.0,1
-0.0034266784787178,0.0,0.0,1
0.1177931353449821,0.0,0.0,2
-0.0178122241050004,0.0,0.0,1
0.5013285279273987,1.0,1.0,0
-0.0617198832333087,0.0,1.0,1
0.4038270711898803,1.0,1.0,0
0.022641496732831,0.0,0.0,1
0.0463287681341171,0.0,1.0,1
0.0026107998564839,0.0,0.0,0
0.5363016724586487,0.3333333333333333,1.0,0
0.0500163957476615,0.0,0.0,1
-0.0072225518524646,0.0,0.0,1
0.1958983838558197,0.0,0.0,0
0.4962469935417175,0.0,0.0,2
0.1004702076315879,0.0,0.0,2
0.0119517305865883,1.0,1.0,1
0.0552218481898307,1.0,1.0,2
0.07819664478302,0.0,0.0,0
0.1232290267944336,0.0,1.0,1
0.037235327064991,0.0,1.0,0
0.0266308262944221,0.0,0.0,1
0.0361404158174991,0.0,0.0,2
0.0792575627565383,0.0,0.0,0
0.4529040455818176,0.0,0.0,1
0.048715703189373,0.0,1.0,2
0.1022192537784576,0.0,0.0,1
0.0858513638377189,0.0,0.0,1
0.0491352118551731,0.0,1.0,1
0.0234256777912378,0.0,1.0,2
0.0262663848698139,1.0,1.0,0
0.0093766059726476,1.0,1.0,1
0.0642601400613784,0.0,1.0,2
0.1355638802051544,0.0,0.0,2
-0.0123771093785762,0.0,0.0,2
0.0615792274475097,0.0,0.0,2
0.07819664478302,0.0,0.0,1
0.4298102259635925,0.0,0.0,1
0.0516168363392353,0.0,0.0,2
0.1290837228298187,0.0,0.0,2
0.0743727385997772,0.0,1.0,1
0.0664204657077789,0.0,1.0,1
-0.0144055252894759,1.0,1.0,1
0.0664997994899749,0.0,1.0,1
0.1532678753137588,0.0,1.0,2
0.0001843590289354,0.0,0.0,2
0.0925634503364563,0.0,1.0,0
0.1065810695290565,0.0,0.0,2
0.021584091708064,0.0,0.0,0
0.0239262115210294,0.0,0.0,1
0.0868268981575965,1.0,1.0,0
0.0951347053050994,0.0,1.0,1
0.0299488585442304,0.0,1.0,0
0.3465253412723541,0.0,1.0,0
0.4882101118564605,0.0,1.0,0
-0.024334616959095,0.0,0.0,1
-0.0183637551963329,0.0,0.0,2
0.0247902031987905,1.0,1.0,2
0.0889372080564498,0.0,1.0,0
-0.0113417021930217,0.0,0.0,2
0.0491194427013397,0.0,0.0,1
0.0896571278572082,0.0,1.0,2
0.1773678958415985,1.0,1.0,1
0.0071177650243043,0.0,0.0,0
0.0443528294563293,0.0,1.0,0
0.3713752329349518,0.3333333333333333,1.0,2
0.1528515964746475,0.0,1.0,2
-0.0295275673270225,0.0,1.0,2
0.0900868475437164,0.0,1.0,1
-0.0195054225623607,0.0,1.0,0
0.1409286558628082,1.0,1.0,2
0.0741080939769744,0.0,0.0,2
0.2430741190910339,1.0,1.0,0
0.1248134896159172,0.0,0.0,2
-0.0377443358302116,0.0,0.0,1
0.4538772404193878,0.5,1.0,0
0.1024683117866516,0.0,1.0,1
-0.0013771876692771,0.0,0.0,2
0.1178033500909805,1.0,1.0,0
0.1233242228627204,0.0,0.0,1
0.1318639516830444,1.0,0.0,2
0.2569880485534668,0.0,0.0,1
0.1081084311008453,0.0,0.0,0
0.0262663848698139,1.0,1.0,0
0.0345949381589889,0.0,1.0,2
0.0539162829518318,0.0,0.0,1
0.4370296001434326,1.0,1.0,0
0.0418647266924381,0.0,0.0,2
0.0853776931762695,0.0,1.0,0
0.0498443394899368,1.0,1.0,2
0.0611595287919044,0.0,0.0,1
0.0137412752956151,0.0,0.0,0
0.0496176779270172,0.0,0.0,2
0.1043370366096496,1.0,1.0,1
0.0475157462060451,0.0,0.0,2
0.0826758593320846,1.0,1.0,0
0.0438294634222984,0.0,1.0,1
0.3313319385051727,1.0,1.0,0
0.0604609176516532,0.0,0.0,2
0.1085605919361114,0.0,0.0,2
0.1748811602592468,1.0,1.0,0
0.020179409533739,0.0,1.0,1
0.1612780392169952,1.0,1.0,0
0.1850903928279876,1.0,1.0,0
0.0723121017217636,1.0,1.0,1
0.0028043296188116,0.0,1.0,0
0.0009836666285991,0.0,0.0,2
0.0497011765837669,0.0,1.0,1
0.0074052307754755,0.0,0.0,0
0.0891581773757934,0.0,1.0,1
0.0516168363392353,0.0,0.0,1
0.1903662234544754,1.0,1.0,0
0.0836868062615394,0.0,0.0,1
0.1331318318843841,0.0,0.0,1
0.0559771135449409,0.0,1.0,1
0.4374062716960907,0.0,1.0,1
-0.0297412276268005,0.0,0.0,2
0.0507891699671745,1.0,1.0,0
0.0378630198538303,0.0,1.0,1
0.0547598712146282,0.0,0.0,2
0.0647865086793899,1.0,1.0,0
0.0609394237399101,0.0,1.0,0
0.0732569247484207,0.0,1.0,2
0.1034803241491317,0.0,1.0,1
0.0263365097343921,1.0,1.0,0
0.0609551072120666,0.0,1.0,0
0.3295210599899292,0.0,0.0,0
0.0574430376291275,0.0,0.0,2
0.5266588926315308,0.0,1.0,1
0.1182443276047706,0.0,1.0,0
0.0923726484179496,1.0,1.0,2
0.1182845011353492,0.0,1.0,0
0.0788035988807678,0.0,1.0,1
0.0609551072120666,0.0,1.0,1
0.0543445721268653,1.0,1.0,1
0.4478622078895569,1.0,1.0,2
0.0282736904919147,0.0,0.0,1
0.0262663848698139,1.0,1.0,0
0.1816181540489196,0.0,1.0,0
0.1139576733112335,1.0,1.0,0
0.038518413901329,0.0,0.0,2
0.0310321524739265,1.0,1.0,2
0.0494755581021308,0.0,0.0,1
-0.0229907408356666,0.0,0.0,2
0.103074125945568,0.0,1.0,1
-0.0420568361878395,0.0,0.0,1
0.0406051352620124,0.0,0.0,0
0.0596162751317024,1.0,1.0,1
0.4595720767974853,0.0,0.0,2
0.2507423162460327,1.0,1.0,0
-0.0010073985904455,0.0,0.0,2
0.0653282105922699,1.0,1.0,1
0.0717672407627105,0.0,0.0,2
-0.036761462688446,0.0,0.0,0
0.0457782819867134,0.0,0.0,2
0.0416261404752731,0.0,1.0,0
0.0472967512905597,0.0,1.0,0
0.0427022390067577,0.0,0.0,1
0.0618766508996486,0.0,0.0,1
0.0642601400613784,0.0,1.0,2
0.0988843068480491,0.0,0.0,2
0.0274798907339572,0.0,1.0,1
0.0418616905808448,0.0,1.0,1
0.0474426411092281,0.0,1.0,0
0.0469687394797802,0.0,0.0,1
0.062048316001892,0.0,0.0,0
0.0149227753281593,0.0,1.0,1
0.0677826479077339,0.0,1.0,0
0.0528876669704914,0.0,0.0,1
0.0761525556445121,1.0,1.0,0
0.0241716224700212,0.0,1.0,1
0.0141006335616111,0.0,0.0,2
0.0054500624537467,0.0,1.0,1
0.0853068530559539,0.0,0.0,2
0.0721826776862144,0.0,0.0,2
0.4137647151947021,0.0,0.0,2
0.0911501497030258,0.0,0.0,1
0.0602565854787826,0.0,1.0,2
0.2153449356555938,1.0,1.0,0
0.1850903928279876,1.0,1.0,2
0.0767973437905311,0.0,0.0,0
0.0938578397035598,1.0,1.0,0
0.072122536599636,0.0,1.0,0
0.1048067584633827,0.0,1.0,1
0.0023347558453679,0.0,0.0,1
-0.0147007033228874,0.0,0.0,1
-0.0446871891617774,0.0,0.0,1
0.3787929117679596,0.0,1.0,1
0.0854716151952743,0.0,0.0,1
0.4067050516605377,1.0,0.0,1
0.0241813492029905,1.0,1.0,0
0.0798117071390152,0.0,1.0,0
0.0069583095610141,0.0,1.0,1
0.0438851341605186,0.0,0.0,2
0.0602565854787826,0.0,1.0,1
0.5068529844284058,1.0,1.0,2
0.5874249935150146,0.0,0.0,2
-0.0070151248946785,0.0,0.0,2
0.0248391442000865,1.0,1.0,1
0.1094712615013122,0.0,1.0,1
0.0890412181615829,0.0,1.0,2
0.0190825797617435,1.0,1.0,0
0.3050600588321686,0.5,1.0,2
0.0926475673913955,0.0,1.0,2
0.0815299302339553,1.0,1.0,1
0.0862412005662918,0.0,0.0,1
0.0403384864330291,0.0,0.0,1
0.0032475069165229,1.0,1.0,0
0.1213784739375114,0.0,0.0,0
0.034794807434082,1.0,1.0,0
0.0564993619918823,1.0,1.0,0
0.0942108035087585,0.0,1.0,1
0.1139576733112335,1.0,1.0,0
-0.0218768436461687,1.0,1.0,1
0.1022192537784576,0.0,0.0,1
0.0625089108943939,0.0,0.0,1
0.0733941569924354,0.0,1.0,0
0.1079330816864967,0.0,1.0,0
-0.031539287418127,0.0,1.0,0
0.0468192920088768,0.0,0.0,1
0.0458421669900417,0.0,0.0,0
0.0463837906718254,0.0,0.0,0
0.4867964386940002,0.0,0.0,2
0.0442790538072586,0.0,0.0,1
0.5980011224746704,0.0,0.0,2
0.1269190907478332,0.0,1.0,0
0.2842764258384704,1.0,1.0,1
0.0030027031898498,1.0,1.0,2
-0.0195054225623607,0.0,1.0,2
0.0837433785200119,0.0,0.0,2
0.107534110546112,0.0,1.0,0
0.0318026766180992,0.0,1.0,1
0.1172263920307159,1.0,1.0,2
0.3745236396789551,1.0,1.0,1
0.0036775469779968,0.0,0.0,0
0.0156872440129518,0.0,0.0,2
0.2374672293663025,0.0,1.0,2
0.6543070077896118,0.0,0.0,1
0.115464873611927,0.0,1.0,2
0.040453664958477,0.0,1.0,0
-0.0252534709870815,0.0,1.0,2
0.0339415594935417,0.0,1.0,1
0.0511540919542312,1.0,1.0,0
0.164408653974533,1.0,1.0,2
0.1019200533628463,1.0,1.0,0
0.1003879979252815,1.0,1.0,0
-0.0308709628880023,0.0,0.0,0
0.0840616300702095,0.0,0.0,0
0.0916817635297775,0.0,1.0,1
0.0476906597614288,0.0,1.0,0
0.0377099737524986,0.0,0.0,2
0.4384663105010986,0.0,1.0,2
0.0984317809343338,0.0,1.0,0
0.0269146207720041,0.0,1.0,2
0.0543606579303741,0.0,0.0,0
0.0645944625139236,0.0,1.0,0
0.1247361898422241,0.0,1.0,1
-0.0016044452786445,0.0,0.0,1
0.6490318775177002,0.0,0.0,1
0.062048316001892,0.0,0.0,2
0.3504934906959533,0.0,0.0,0
0.1376883536577224,0.0,0.0,2
0.085714153945446,0.0,0.0,1
0.0734838023781776,0.0,1.0,1
-0.0027218181639909,0.0,1.0,2
-0.0149688078090548,1.0,1.0,0
-0.0023472867906093,0.0,0.0,1
0.0249768160283565,0.0,0.0,0
0.08191978931427,0.0,1.0,1
-0.012742849998176,0.0,0.0,0
0.0006797090172767,1.0,1.0,1
0.007915886119008,0.0,0.0,2
0.0108948834240436,0.0,0.0,2
0.0616260841488838,0.0,0.0,2
0.2520554363727569,1.0,1.0,0
0.0699684619903564,1.0,1.0,1
0.0385552570223808,0.0,1.0,0
0.0019448418170213,1.0,1.0,2
-0.033005490899086,0.0,1.0,2
0.0805112645030021,0.0,0.0,2
0.0575784444808959,0.0,0.0,1
0.2408376932144165,0.0,1.0,2
0.1039065793156623,0.0,0.0,2
0.0275667756795883,0.0,1.0,2
0.0931227579712867,0.0,1.0,2
0.0666102692484855,0.0,1.0,2
0.0269415490329265,1.0,1.0,1
0.0463287681341171,0.0,1.0,0
0.0455014966428279,1.0,1.0,2
0.0914786159992218,0.0,1.0,0
0.0334174968302249,0.0,0.0,0
0.0829349011182785,0.0,1.0,2
0.0308033041656017,0.0,1.0,0
0.0233805868774652,0.0,1.0,1
0.0280323270708322,0.0,0.0,2
0.0527013540267944,1.0,1.0,2
0.0990490317344665,1.0,1.0,2
0.1255680322647094,0.0,0.0,2
0.0028043296188116,0.0,1.0,0
0.031614638864994,0.0,0.0,1
0.0470855571329593,0.0,0.0,2
0.0381242185831069,0.0,0.0,0
0.0601190887391567,0.0,0.0,2
0.809431791305542,1.0,1.0,1
0.0338630229234695,0.0,0.0,0
0.0615778416395187,0.0,1.0,1
0.0889431461691856,1.0,1.0,0
0.2858946919441223,0.0,1.0,2
0.4487692713737488,1.0,1.0,0
0.042840477079153,0.0,1.0,1
-0.0267891716212034,0.0,1.0,1
-0.0048618614673614,0.0,0.0,2
0.010692847892642,1.0,1.0,1
0.1369838416576385,1.0,0.0,0
0.629150390625,0.0,0.0,2
0.1348490267992019,0.0,1.0,2
0.0684296265244484,0.0,0.0,1
0.0926475673913955,0.0,1.0,2
0.127435103058815,0.0,0.0,0
0.3634674847126007,0.0,0.0,2
0.0211485270410776,0.0,1.0,1
0.0257830694317817,1.0,1.0,1
0.1602997779846191,0.0,1.0,1
0.0821194127202034,1.0,1.0,1
0.0732586830854415,0.0,0.0,1
0.0971331968903541,0.0,0.0,0
0.0533409565687179,1.0,1.0,0
0.0073148645460605,0.0,0.0,1
0.0553214587271213,0.0,0.0,1
0.0498443394899368,1.0,1.0,0
0.0509314201772213,0.0,0.0,1
0.0045522712171077,0.0,0.0,1
0.0333453267812728,0.0,1.0,1
-0.0005322126671671,0.0,1.0,0
0.1008080095052719,0.0,1.0,0
0.1314617991447448,0.0,1.0,1
0.3340925872325897,0.0,0.0,1
0.0385552570223808,0.0,1.0,0
0.4800651967525482,0.0,0.0,2
0.0664426982402801,0.0,0.0,1
0.0703850239515304,0.0,0.0,1
0.0800484865903854,1.0,1.0,0
0.0001558363437652,1.0,1.0,0
0.0968597903847694,1.0,1.0,2
0.0537847504019737,0.0,1.0,2
0.0814787968993187,0.0,1.0,2
-0.0059305690228939,1.0,1.0,1
-0.0004402119666337,0.0,0.0,0
0.0088408347219228,0.0,0.0,2
0.0835004150867462,0.0,1.0,0
0.1248474791646003,0.0,0.0,0
0.0513780564069747,1.0,1.0,1
0.0562218688428401,0.0,1.0,1
-0.0030701225623488,0.0,1.0,0
0.041970532387495,0.0,0.0,1
0.0909020975232124,0.0,0.0,0
-0.0128753036260604,0.0,1.0,2
0.037131980061531,0.0,0.0,1
0.0046267341822385,1.0,1.0,0
0.0762870982289314,1.0,1.0,2
0.0093185119330883,0.0,1.0,1
0.2092520594596862,1.0,1.0,2
0.0823747664690017,0.0,1.0,0
0.0829349011182785,0.0,1.0,2
-0.0276963971555233,1.0,1.0,0
0.0715894848108291,0.0,1.0,2
0.4013832211494446,0.0,0.0,2
0.0336595140397548,0.0,0.0,2
0.0857915058732032,0.0,1.0,0
0.0311786644160747,0.0,0.0,1
0.0509058460593223,1.0,1.0,1
0.1051566675305366,0.0,0.0,0
0.0786528214812278,0.0,0.0,0
0.2009262591600418,1.0,1.0,0
0.5868536233901978,1.0,1.0,0
0.1771883368492126,0.0,1.0,2
0.0054500624537467,0.0,1.0,1
-0.0617198832333087,0.0,1.0,1
0.0275483578443527,0.0,0.0,2
0.0609394237399101,0.0,1.0,0
0.0524825267493724,0.0,1.0,2
-0.0027218181639909,0.0,1.0,2
0.0823221802711486,0.0,0.0,0
0.050849512219429,0.0,1.0,1
0.0147313475608825,1.0,1.0,0
0.155927687883377,1.0,1.0,1
0.1539443880319595,0.0,0.0,1
0.0166075304150581,0.0,0.0,1
0.1119393557310104,1.0,1.0,1
0.0446370020508766,0.0,1.0,0
0.066032588481903,0.0,1.0,1
0.0364899933338165,0.0,1.0,2
0.0944268405437469,1.0,1.0,2
0.0751663595438003,0.0,0.0,0
0.1909847557544708,0.0,0.0,2
0.0026606488972902,0.0,0.0,2
0.0414654091000556,0.0,0.0,1
-0.0087982509285211,0.0,1.0,2
0.0578064955770969,0.0,1.0,2
0.0966721996665,0.0,0.0,2
0.0170721970498561,0.0,0.0,1
0.0286134593188762,0.0,0.0,1
-0.0613390430808067,0.0,1.0,2
-0.0144759779796004,0.0,0.0,1
0.0166075304150581,0.0,0.0,0
0.0209306739270687,0.0,1.0,1
0.007347347214818,0.0,1.0,1
0.091220386326313,1.0,1.0,2
0.0777215957641601,0.0,0.0,0
0.0263365097343921,1.0,1.0,0
0.0105232642963528,1.0,1.0,2
0.065016433596611,1.0,1.0,2
0.0707800611853599,1.0,1.0,2
0.0054500624537467,0.0,1.0,1
0.4673210084438324,0.0,0.0,1
0.0239954907447099,0.0,0.0,2
0.0357340089976787,0.0,0.0,0
-0.0150472614914178,1.0,1.0,1
0.0850278884172439,0.0,1.0,0
0.0659782066941261,0.0,1.0,2
0.237686812877655,1.0,1.0,0
0.0903941094875335,0.0,0.0,2
0.3001563549041748,0.0,0.0,2
0.0275021251291036,0.0,1.0,0
-0.0166094750165939,0.0,0.0,1
0.0397678427398204,0.0,0.0,0
-0.000209136866033,0.0,0.0,0
0.2116147875785827,0.0,1.0,2
0.0039569120854139,0.0,1.0,2
0.0149582996964454,0.0,0.0,0
0.1386081576347351,0.0,0.0,0
0.0491042621433734,0.0,0.0,2
0.1174296215176582,1.0,1.0,1
0.0412662327289581,0.0,0.0,1
0.0575003065168857,0.0,0.0,2
-0.0447978191077709,0.0,1.0,2
0.0184999946504831,0.0,0.0,0
0.4847142696380615,0.0,0.0,0
0.0527957789599895,1.0,1.0,2
0.0156785175204277,1.0,1.0,0
0.0828654617071151,1.0,1.0,1
0.0157644301652908,1.0,1.0,1
0.6205421686172485,0.0,0.0,2
0.4402481317520141,0.0,1.0,1
0.0678138434886932,1.0,1.0,1
0.0092272646725177,0.0,0.0,2
0.2060777246952057,0.0,1.0,0
0.0391904860734939,0.0,1.0,2
0.0708076655864715,0.0,1.0,1
-0.0195054225623607,0.0,1.0,0
0.095757782459259,0.0,0.0,1
0.0792670547962188,0.0,0.0,1
0.0442356206476688,0.0,0.0,1
-0.0032081883400678,0.0,0.0,1
0.2122897505760193,0.0,0.0,2
-0.0220966190099716,1.0,1.0,2
-0.0494323708117008,0.0,0.0,1
0.0236690249294042,1.0,1.0,0
0.0740217864513397,0.0,1.0,2
0.1355206370353698,0.0,1.0,2
0.1310603618621826,0.0,1.0,1
0.0019866302609443,0.0,0.0,0
0.1060210913419723,0.0,1.0,2
0.0348696187138557,0.0,1.0,1
0.0671135038137435,0.0,0.0,1
0.0545645728707313,0.0,0.0,2
0.0496544316411018,0.0,0.0,2
0.2430741190910339,1.0,1.0,0
0.009463045746088,0.0,0.0,1
0.238666146993637,1.0,1.0,0
0.253290981054306,1.0,1.0,0
-0.0153750441968441,0.0,0.0,2
0.1653390526771545,1.0,1.0,0
0.4888204038143158,0.0,1.0,1
0.2321808636188507,1.0,1.0,0
0.1145739182829856,0.0,0.0,2
0.1401523053646087,0.0,0.0,2
0.0509643629193306,1.0,1.0,0
0.0239099115133285,1.0,1.0,1
0.4484027624130249,0.0,0.0,0
0.5060548782348633,0.0,1.0,2
-0.0332073345780372,0.0,1.0,2
0.0879618674516677,0.0,0.0,2
0.0758350640535354,1.0,1.0,0
0.0562575608491897,0.0,1.0,0
0.0485255122184753,0.0,0.0,1
0.077362984418869,0.0,0.0,2
0.0929473713040351,0.0,0.0,2
0.356353759765625,1.0,1.0,1
0.1069959923624992,0.0,0.0,2
0.0908968150615692,1.0,1.0,0
-0.0025465236976742,1.0,1.0,2
0.1850903928279876,1.0,1.0,0
0.0275090374052524,0.0,1.0,2
0.1188346743583679,0.0,1.0,1
0.0793950110673904,0.0,1.0,2
0.473556786775589,1.0,1.0,2
0.0948010981082916,1.0,1.0,1
0.0339415594935417,0.0,1.0,0
-0.0465390980243682,0.0,1.0,0
0.0371741764247417,0.0,0.0,2
0.0120873618870973,0.0,1.0,0
0.0575049221515655,0.0,1.0,0
-0.0071625225245952,1.0,1.0,1
0.0789516419172287,0.0,0.0,0
0.0405714884400367,1.0,1.0,0
0.0908640697598457,0.0,1.0,0
0.0162309762090444,1.0,1.0,2
0.0543445721268653,1.0,1.0,2
0.0117330849170684,1.0,1.0,0
0.0863365978002548,0.0,0.0,2
0.0988406017422676,0.0,1.0,1
0.2781681418418884,1.0,1.0,1
0.1331585943698883,0.0,0.0,1
0.0634441822767257,0.0,0.0,2
0.3334126472473144,1.0,1.0,0
0.0343154817819595,0.0,1.0,1
0.0086092222481966,0.0,0.0,0
0.0595093183219432,0.0,1.0,2
-0.0192614663392305,0.0,1.0,1
0.0227849539369344,0.0,1.0,0
0.1066254824399948,0.0,0.0,2
0.0288366712629795,0.0,1.0,2
0.0904438868165016,0.0,0.0,1
0.0433942079544067,1.0,1.0,0
0.0812164396047592,0.0,0.0,1
0.1087202727794647,1.0,1.0,0
0.0262663848698139,1.0,1.0,0
0.0373642183840274,0.0,0.0,0
0.0112424027174711,0.0,0.0,1
0.1656250804662704,0.0,1.0,1
0.0317306593060493,0.0,0.0,0
0.0224622655659914,1.0,1.0,1
0.0765063911676406,1.0,1.0,0
0.0262663848698139,1.0,1.0,0
0.0864706039428711,0.0,0.0,1
0.0563762784004211,0.0,0.0,1
0.3004665076732635,1.0,1.0,0
-0.0332941114902496,0.0,0.0,0
-0.0073612369596958,1.0,1.0,2
0.0864151716232299,0.0,1.0,2
0.0018537351861596,1.0,1.0,0
0.3880512714385986,1.0,1.0,0
0.0262663848698139,1.0,1.0,0
0.1362046599388122,0.0,0.0,0
0.3830184042453766,0.0,0.0,1
0.5614932179450989,1.0,1.0,0
0.0133892362937331,0.0,1.0,1
0.1235878244042396,0.0,0.0,2
0.0497957840561866,0.0,0.0,0
0.001897201873362,0.0,1.0,2
0.0524695217609405,0.0,0.0,1
0.0848646685481071,1.0,1.0,2
0.0314899459481239,0.0,0.0,1
0.1061600595712661,0.0,1.0,0
0.0977642908692359,0.0,0.0,0
0.0328660905361175,0.0,1.0,0
0.0792138651013374,1.0,1.0,0
0.0472967512905597,0.0,1.0,1
0.0262663848698139,1.0,1.0,0
0.0026107998564839,0.0,0.0,1
-0.0072369817644357,1.0,1.0,0
-0.0696415305137634,0.0,0.0,1
0.019769225269556,1.0,1.0,1
0.1182443276047706,0.0,1.0,1
0.0187093950808048,1.0,1.0,2
0.0527768768370151,1.0,1.0,2
-0.0227841064333915,0.0,1.0,2
0.1177473962306976,1.0,0.0,0
0.375640332698822,0.0,0.0,1
-0.024334616959095,1.0,1.0,1
0.0561947673559188,1.0,1.0,2
0.0410061925649642,0.0,0.0,1
0.0019866302609443,0.0,0.0,0
0.0068404544144868,1.0,1.0,0
0.0666281729936599,0.0,0.0,2
0.0546017363667488,0.0,0.0,1
0.0122521007433533,0.0,0.0,0
0.1285540461540222,0.0,0.0,2
0.1312284469604492,0.0,1.0,0
-0.0148837715387344,0.0,0.0,0
-0.0258580818772315,0.0,0.0,2
0.0838470011949539,0.0,1.0,0
0.0294322185218334,0.0,0.0,1
-0.0238372758030891,0.0,0.0,0
0.0167775060981512,1.0,1.0,0
0.0298195667564868,0.0,1.0,1
0.0075697731226682,0.0,0.0,1
-0.0195054225623607,0.0,1.0,2
0.0823747664690017,0.0,1.0,1
0.0131719689816236,0.0,1.0,1
0.0791507139801979,0.0,1.0,2
0.0582084916532039,0.0,0.0,0
0.0577916987240314,1.0,1.0,2
0.0710569992661476,0.0,0.0,2
0.0552612394094467,0.0,0.0,1
0.0656981915235519,0.0,0.0,1
0.0925634503364563,0.0,1.0,1
0.0372163355350494,0.0,0.0,2
0.1964467167854309,0.0,1.0,1
0.1092832535505294,1.0,1.0,0
0.0191291961818933,0.0,0.0,2
0.1125824153423309,0.0,0.0,1
0.0973325744271278,1.0,1.0,0
0.0136942556127905,0.0,0.0,2
0.0497843474149704,1.0,1.0,0
0.1409286558628082,1.0,0.0,2
0.0751470178365707,0.0,0.0,2
0.0491492301225662,1.0,1.0,1
0.2336807548999786,1.0,1.0,0
0.100397877395153,0.0,1.0,1
0.0674269646406173,0.0,0.0,1
0.0797718465328216,0.0,0.0,0
0.0447679013013839,0.0,1.0,1
0.0190936736762523,1.0,1.0,1
-0.0150472614914178,1.0,1.0,1
0.0410061925649642,0.0,0.0,1
0.0444372966885566,1.0,1.0,1
0.2397629171609878,1.0,1.0,0
0.1572754681110382,0.0,0.0,0
0.0922883749008178,1.0,1.0,2
0.1241338104009628,0.0,0.0,2
0.0893971025943756,0.0,0.0,0
0.1217242926359176,0.0,0.0,0
0.0500696375966072,1.0,1.0,1
0.0117053678259253,0.0,0.0,2
0.5229202508926392,1.0,1.0,0
0.0024931342341005,0.0,0.0,1
0.089510329067707,0.0,0.0,1
0.3038822710514068,0.0,0.0,1
-0.0419325418770313,0.0,0.0,1
-0.0170300733298063,0.0,1.0,1
0.0157644301652908,1.0,1.0,2
0.4173330962657928,0.0,0.0,2
0.2321808636188507,1.0,1.0,0
0.3772154450416565,1.0,1.0,0
0.4363037943840027,1.0,1.0,1
-0.0064442660659551,1.0,1.0,0
0.397598385810852,0.0,0.0,2
0.2890029549598694,1.0,1.0,0
0.0222544893622398,1.0,1.0,0
0.1600126773118972,0.0,1.0,2
0.0816758349537849,0.0,0.0,1
0.4306217432022095,0.0,0.0,1
0.0262663848698139,1.0,1.0,0
0.1877236068248748,0.0,1.0,0
0.0231646262109279,0.0,0.0,2
-0.0214310511946678,1.0,1.0,0
0.0712449103593826,1.0,1.0,0
0.0908778831362724,0.0,0.0,1
0.092218317091465,0.0,1.0,0
0.0393181592226028,1.0,1.0,2
0.0948791205883026,1.0,1.0,0
0.0246327258646488,0.0,0.0,0
0.0302424374967813,1.0,1.0,2
0.1044084578752517,0.0,1.0,1
0.5536253452301025,1.0,1.0,0
0.0456666201353073,0.0,0.0,1
0.1470012068748474,0.0,0.0,2
0.0018667019903659,1.0,1.0,2
0.050114668905735,0.0,0.0,1
-0.0133498236536979,0.0,0.0,2
0.0427022390067577,0.0,0.0,1
0.0979726910591125,1.0,1.0,0
0.0619385093450546,1.0,1.0,1
0.0941280126571655,0.0,1.0,1
0.0688834562897682,1.0,1.0,0
0.0372391492128372,1.0,1.0,2
-0.0072416644543409,0.0,0.0,2
0.0263722352683544,0.0,0.0,2
0.0259989351034164,0.0,1.0,1
0.0362097844481468,0.0,0.0,2
0.0889057368040084,0.0,0.0,0
-0.0380907990038394,0.0,0.0,1
-0.0144055252894759,1.0,1.0,0
-0.0157204382121562,0.0,1.0,2
0.0381561070680618,0.0,0.0,0
0.0859223008155822,0.0,1.0,1
0.0213446617126464,0.0,0.0,0
0.0916043743491172,1.0,1.0,1
0.547690212726593,1.0,1.0,2
0.0456666201353073,0.0,0.0,1
0.1044337823987007,1.0,1.0,1
-0.0357543155550956,1.0,1.0,1
0.1069959923624992,0.0,0.0,1
0.1168685480952262,0.0,0.0,2
0.2629312574863434,0.0,0.0,1
0.1331585943698883,0.0,0.0,0
0.113342598080635,0.0,0.0,1
0.002669021487236,1.0,1.0,0
-0.0300418492406606,0.0,1.0,1
0.1180413886904716,0.0,1.0,2
0.0985833927989006,0.0,1.0,0
0.1507623195648193,0.0,0.0,2
-0.0488853119313716,0.0,0.0,1
0.092218317091465,0.0,1.0,1
0.0610889531672,0.0,1.0,0
0.0725778490304946,0.0,0.0,0
0.0497843474149704,1.0,1.0,2
0.1024180948734283,0.0,1.0,1
0.238666146993637,1.0,1.0,0
0.0858232006430625,0.0,1.0,2
0.1396430283784866,1.0,1.0,0
0.4694643914699554,0.6666666666666666,1.0,1
0.1162034422159195,0.0,0.0,2
0.0702778026461601,0.0,0.0,0
0.0170721970498561,0.0,0.0,0
-0.0823482424020767,0.0,0.0,1
0.0837439149618148,1.0,1.0,1
0.0806594714522361,0.0,1.0,1
0.4942912459373474,0.0,0.0,2
0.0109423194080591,1.0,1.0,0
0.1299554705619812,1.0,1.0,2
0.0598560608923435,0.0,0.0,0
0.0149446772411465,0.0,0.0,2
0.0420258231461048,0.0,0.0,2
0.1746644675731659,0.0,1.0,0
0.0533537194132804,0.0,0.0,2
0.1034803241491317,0.0,1.0,1
0.0253274869173765,0.0,1.0,2
0.0265280753374099,0.0,1.0,0
0.067870870232582,1.0,1.0,0
0.238666146993637,1.0,1.0,1
0.0811883360147476,0.0,1.0,0
0.0863114446401596,1.0,1.0,0
0.0780714601278305,0.0,0.0,2
-0.0009301602840423,0.0,0.0,2
0.0092272646725177,0.0,0.0,2
0.1122751981019973,0.0,0.0,0
0.088632546365261,1.0,1.0,0
0.0176959503442049,0.0,0.0,1
0.0456666201353073,0.0,0.0,1
0.0089236907660961,0.0,1.0,0
0.0539033375680446,0.0,0.0,1
-0.0617198832333087,0.0,1.0,1
0.0288366712629795,0.0,1.0,2
0.0160096902400255,0.0,1.0,1
0.0450560748577117,0.0,1.0,0
0.4180861711502075,1.0,1.0,1
0.0236690249294042,1.0,1.0,0
0.0022952407598495,0.0,1.0,0
0.0643939971923828,0.0,0.0,2
-0.0044249277561903,0.0,1.0,1
0.0978019908070564,0.0,1.0,2
0.0122111095115542,0.0,1.0,1
0.0307085216045379,0.0,0.0,1
0.1076162904500961,1.0,1.0,1
0.0471040122210979,0.0,1.0,2
0.0015313988551497,0.0,1.0,1
0.0553159341216087,0.0,0.0,2
-0.0141512975096702,0.0,0.0,0
0.0661854594945907,1.0,1.0,0
-0.0108971782028675,0.0,1.0,2
0.0151349976658821,1.0,1.0,2
0.4038270711898803,1.0,1.0,1
0.0854775160551071,0.0,1.0,2
0.0688241869211196,0.0,0.0,1
0.0826526433229446,1.0,1.0,0
-0.0159845054149627,1.0,1.0,0
0.1549284011125564,0.0,0.0,2
0.0330371335148811,0.0,0.0,2
0.20258529484272,1.0,1.0,1
0.0023457733914256,0.0,0.0,2
0.4906300008296966,0.0,0.0,0
0.3338862061500549,1.0,1.0,2
-0.0609382763504982,0.0,1.0,2
0.1517431139945984,0.0,1.0,0
0.2408376932144165,0.0,1.0,1
0.0442389175295829,0.0,0.0,1
0.0391373857855796,0.0,0.0,1
0.2325062751770019,0.0,0.0,2
0.0785251930356025,0.0,1.0,0
0.0695591419935226,0.0,1.0,1
0.0092272646725177,0.0,0.0,2
0.0507641956210136,1.0,1.0,1
0.0659409537911415,1.0,1.0,0
0.0849631577730178,0.0,1.0,0
0.5123364329338074,1.0,1.0,0
0.2336807548999786,1.0,1.0,1
-0.0159699451178312,1.0,1.0,1
0.0522742941975593,0.0,0.0,2
0.0185790937393903,0.0,1.0,1
0.0790135562419891,1.0,1.0,2
0.0024613160640001,0.0,1.0,2
-0.008801907300949,0.0,1.0,2
0.4614758491516113,0.0,0.0,2
0.1074843406677246,0.0,1.0,2
0.4381361901760101,0.0,0.0,0
0.0469685457646846,1.0,1.0,1
-0.0521265715360641,0.0,0.0,0
0.0267194285988807,0.0,0.0,2
0.0122223943471908,1.0,0.0,1
0.0239262115210294,0.0,0.0,1
0.1302193999290466,0.0,0.0,1
0.1133109927177429,0.0,0.0,2
0.0288366712629795,0.0,1.0,2
0.1154170110821724,0.0,1.0,2
0.0224622655659914,1.0,1.0,1
-0.0366487838327884,0.0,0.0,1
0.0856193229556083,0.0,1.0,2
0.0556531697511673,0.0,0.0,1
0.0622358433902263,0.0,0.0,0
-0.0147268828004598,1.0,1.0,0
0.0223562344908714,0.0,1.0,2
0.014248538762331,0.0,1.0,2
0.0609742626547813,0.0,0.0,2
0.0890368670225143,1.0,1.0,0
0.0457327812910079,1.0,1.0,0
0.0115895802155137,0.0,0.0,1
0.5604615211486816,1.0,1.0,0
-0.0621413066983222,0.0,0.0,2
0.034225694835186,0.0,1.0,2
0.0222415812313556,0.0,1.0,2
0.0496706143021583,1.0,1.0,2
-0.005897763185203,0.0,0.0,0
0.5536069869995117,0.0,0.0,1
0.3397886157035827,1.0,1.0,0
0.0677604079246521,0.0,0.0,2
0.0409770533442497,1.0,1.0,0
0.0391904860734939,0.0,1.0,2
0.4965433478355407,0.0,1.0,1
-0.0295972358435392,0.0,1.0,2
0.2993603348731994,1.0,1.0,0
0.0531711094081401,0.0,0.0,1
0.0059565715491771,1.0,1.0,2
0.0861882418394088,0.0,0.0,2
0.0067560551688075,0.0,1.0,2
-0.0377443358302116,0.0,0.0,0
0.0364865586161613,0.0,0.0,0
0.0575003065168857,0.0,0.0,2
-0.0214310511946678,1.0,1.0,0
0.1314617991447448,0.0,1.0,2
0.039740964770317,0.0,1.0,0
0.0874274224042892,1.0,1.0,0
0.0484027191996574,0.0,0.0,2
0.0525704771280288,1.0,1.0,2
0.0187236629426479,0.0,0.0,1
0.5099643468856812,0.0,0.0,0
-0.0020863637328147,0.0,1.0,0
0.160220980644226,0.0,1.0,1
0.1875275075435638,1.0,1.0,1
0.1449732631444931,0.0,1.0,2
0.048715703189373,0.0,1.0,1
-0.0391080677509307,1.0,1.0,1
0.0286863557994365,0.0,0.0,1
0.1255680322647094,0.0,0.0,2
0.1251466274261474,0.0,0.0,0
0.038518413901329,0.0,0.0,0
0.0586645752191543,1.0,1.0,0
0.1452426165342331,0.0,0.0,0
0.1269927024841308,0.0,1.0,2
0.1230698823928833,0.0,1.0,1
0.14103664457798,0.0,1.0,1
-0.0124428160488605,0.0,0.0,2
0.0846957862377166,1.0,1.0,1
0.0805112645030021,0.0,0.0,1
0.0692014619708061,0.0,0.0,2
0.0698627084493637,0.0,0.0,2
0.0896545350551605,0.0,0.0,1
-0.0046834573149681,0.0,1.0,2
0.1539089828729629,0.0,1.0,0
0.0209306739270687,0.0,1.0,1
0.0634953752160072,0.0,0.0,2
0.0499761775135993,0.0,0.0,1
0.0725296288728714,0.0,0.0,2
0.0666281729936599,0.0,0.0,1
0.0886808037757873,0.0,0.0,2
0.0746952965855598,0.0,0.0,2
0.1422680914402008,0.0,0.0,1
0.0224378556013107,0.0,0.0,2
0.0120617765933275,0.0,0.0,2
0.0786511600017547,0.0,1.0,1
0.0788691639900207,0.0,0.0,1
0.0680940896272659,0.0,1.0,1
0.2678306698799133,0.0,0.0,2
0.1024683117866516,0.0,1.0,1
0.037735391408205,0.0,1.0,2
0.2229387164115905,1.0,1.0,0
0.0482377707958221,0.0,0.0,1
0.0278367400169372,0.0,1.0,2
0.0337181612849235,1.0,1.0,0
0.0942313075065612,0.0,0.0,0
0.3406946659088135,0.0,0.0,0
0.081804409623146,0.0,0.0,0
0.0046094516292214,1.0,1.0,0
0.0373642183840274,0.0,0.0,0
0.1850903928279876,1.0,1.0,0
0.0107208956032991,0.0,0.0,0
0.0239954907447099,0.0,0.0,1
0.502229630947113,0.0,1.0,2
0.03707205504179,0.0,1.0,2
-0.005754254758358,0.0,1.0,0
0.0721998736262321,1.0,1.0,0
-0.0025453995913267,0.0,1.0,1
0.022638289257884,0.0,1.0,0
0.0528876669704914,0.0,0.0,1
0.06578279286623,0.0,0.0,1
0.0147604569792747,0.0,0.0,0
0.5966615080833435,1.0,1.0,0
0.0410526916384696,0.0,1.0,0
0.3093186914920807,0.6666666666666666,1.0,1
0.0608400739729404,0.0,0.0,2
0.0519375577569007,1.0,1.0,0
0.0352909788489341,0.0,0.0,0
0.0443343222141265,0.0,0.0,1
0.085704430937767,0.0,0.0,0
0.526758074760437,1.0,1.0,1
0.4811375141143799,1.0,1.0,0
0.809431791305542,1.0,1.0,1
0.1353814452886581,0.0,0.0,1
0.107789009809494,0.0,0.0,1
0.5516011714935303,0.0,0.0,1
0.0381121635437011,1.0,1.0,1
0.061885017901659,1.0,1.0,1
0.1476785838603973,1.0,1.0,1
0.06645268201828,0.0,0.0,1
0.0645217895507812,0.0,1.0,0
0.0907344222068786,0.0,0.0,0
0.036416932940483,0.0,0.0,0
0.1328452974557876,0.0,1.0,2
0.003269100561738,0.0,1.0,0
0.0751663595438003,0.0,0.0,0
0.4370296001434326,1.0,1.0,2
0.0715293511748313,1.0,1.0,0
0.1174296215176582,1.0,1.0,2
0.0672046020627021,0.0,0.0,2
0.0115895802155137,0.0,0.0,1
0.0827758759260177,0.0,0.0,0
0.0600483790040016,0.0,1.0,2
0.0461752973496913,1.0,1.0,0
0.0614059530198574,1.0,1.0,2
0.0354485437273979,1.0,1.0,1
0.2119829952716827,0.0,0.0,0
0.0669320598244667,0.0,0.0,2
0.4219890534877777,0.0,1.0,2
0.0177160985767841,1.0,1.0,1
0.0427782759070396,1.0,1.0,2
0.0740222856402397,0.0,1.0,1
0.4308139979839325,0.3333333333333333,1.0,0
0.0319052785634994,0.0,0.0,1
0.1238462477922439,0.0,1.0,0
0.0445724800229072,1.0,1.0,0
0.1152754426002502,0.0,1.0,2
0.0180824548006057,1.0,1.0,2
0.0731211379170417,0.0,1.0,2
0.1248782724142074,0.0,0.0,2
0.0447679013013839,0.0,1.0,2
0.0322299972176551,0.0,1.0,0
0.0661038905382156,1.0,1.0,0
0.0010632080957293,0.0,1.0,2
-0.007588816806674,0.0,1.0,2
0.3935913741588592,0.0,1.0,2
0.1505824625492096,0.0,1.0,1
0.2427211701869964,0.0,1.0,1
0.3840661346912384,0.0,1.0,0
0.0189789459109306,1.0,1.0,2
0.077362984418869,0.0,0.0,2
0.0502601936459541,1.0,1.0,0
0.074949137866497,0.0,0.0,0
0.2611495852470398,1.0,1.0,0
0.0327573716640472,0.0,1.0,0
-0.0251219943165779,0.0,1.0,2
0.0644633024930954,1.0,1.0,1
0.0046267341822385,1.0,1.0,0
0.0186866708099842,1.0,1.0,2
0.0329694151878356,1.0,1.0,0
0.0761210322380065,0.0,0.0,0
0.106316477060318,1.0,1.0,2
-0.0060206772759556,0.0,0.0,0
0.0387192144989967,0.0,0.0,1
0.1765637248754501,1.0,1.0,0
0.4992828369140625,0.0,0.0,1
0.0734620839357376,0.0,1.0,0
0.0307144839316606,0.0,0.0,0
0.3415225744247436,1.0,1.0,0
0.1155081167817115,0.0,0.0,1
-0.011521459557116,1.0,1.0,2
0.0148999625816941,1.0,1.0,2
-0.0122573189437389,1.0,1.0,1
0.1653390526771545,1.0,1.0,0
0.0338007435202598,1.0,1.0,2
0.1062845885753631,0.0,1.0,1
0.0922882407903671,0.0,0.0,2
0.0948394760489463,0.0,0.0,1
0.1419010013341903,0.0,1.0,2
0.0615280494093894,0.0,1.0,1
0.3458297848701477,0.75,1.0,2
0.0719707533717155,0.0,0.0,1
0.0828109160065651,1.0,1.0,2
0.0411979109048843,1.0,1.0,0
0.0427022390067577,0.0,0.0,2
0.1089192628860473,0.0,0.0,2
0.1255680322647094,0.0,0.0,2
0.573503851890564,1.0,1.0,1
0.4974358975887298,0.6666666666666666,1.0,1
-0.0013811127282679,0.0,0.0,2
0.0098872827365994,0.0,0.0,2
0.0864706039428711,0.0,0.0,2
0.4997471570968628,1.0,1.0,0
0.1211649477481842,0.0,0.0,0
0.0195716526359319,0.0,0.0,2
0.1433267593383789,0.0,1.0,2
0.0276894010603427,0.0,1.0,1
0.0564341694116592,0.0,1.0,1
0.0399052426218986,1.0,1.0,2
0.093937449157238,1.0,1.0,1
0.0484606437385082,1.0,1.0,2
0.4638324677944183,0.0,0.0,1
0.1267449110746383,0.0,1.0,0
0.1497694253921508,0.0,1.0,2
0.0643324851989746,1.0,1.0,1
0.0616007484495639,0.0,1.0,0
0.4847142696380615,0.0,0.0,1
0.0756854712963104,1.0,1.0,0
0.1079419553279876,0.0,0.0,0
0.1007491648197174,0.0,0.0,2
0.0248710587620735,0.0,0.0,1
0.0497843474149704,1.0,1.0,0
0.191679447889328,1.0,1.0,0
-0.0130489328876137,0.0,0.0,2
0.0121269850060343,0.0,1.0,2
0.0828109160065651,1.0,1.0,1
0.36207115650177,0.0,0.0,1
0.0854716151952743,0.0,0.0,1
0.1094833090901374,1.0,1.0,2
0.0839114040136337,0.0,0.0,1
0.0611580796539783,0.0,1.0,2
0.1090609431266784,0.0,1.0,1
-0.0099979024380445,1.0,1.0,1
-0.0083813443779945,0.0,1.0,1
0.0640580877661705,0.0,0.0,2
0.2681543827056885,1.0,1.0,0
0.087623730301857,1.0,1.0,0
0.1540808081626892,1.0,1.0,0
0.0117053678259253,0.0,0.0,2
-0.0214310511946678,1.0,1.0,1
0.0809769332408905,0.0,0.0,1
0.0808513164520263,0.0,0.0,1
0.0505705364048481,0.0,0.0,0
0.0865400731563568,0.0,0.0,1
0.0532980151474475,0.0,0.0,2
0.0656598508358001,1.0,1.0,1
0.2899456024169922,0.0,1.0,2
0.1395959109067917,1.0,1.0,1
0.5160860419273376,1.0,1.0,2
-0.0262300614267587,0.0,0.0,2
0.105519101023674,0.0,1.0,1
0.0148113695904612,0.0,0.0,1
0.061268538236618,0.0,1.0,1
0.3787929117679596,0.0,1.0,1
-0.0024420507252216,0.0,0.0,1
0.0167775060981512,1.0,1.0,0
0.0611996725201606,1.0,1.0,0
0.0418616905808448,0.0,1.0,2
0.1581874191761016,0.0,0.0,1
0.0692507848143577,0.0,0.0,2
0.0854131206870079,0.0,1.0,0
0.2766222059726715,0.0,1.0,2
0.0100296847522258,0.0,0.0,1
0.0599032193422317,1.0,1.0,0
0.0363415256142616,1.0,1.0,0
0.1374778151512146,0.0,1.0,1
0.0698627084493637,0.0,0.0,2
0.0766407251358032,0.0,0.0,1
0.4752882122993469,0.0,0.0,2
0.0363218411803245,1.0,1.0,1
0.0577448643743991,1.0,1.0,1
0.0157437268644571,0.0,1.0,0
0.0539033375680446,0.0,0.0,1
0.1182443276047706,0.0,1.0,1
0.3856029510498047,1.0,1.0,2
0.1013296023011207,0.0,0.0,2
0.2336807548999786,1.0,1.0,0
0.1381206214427948,1.0,1.0,0
0.1009460985660553,0.0,1.0,2
0.0724210739135742,0.0,1.0,2
0.0552612394094467,0.0,0.0,1
0.1314617991447448,0.0,1.0,1
0.091220386326313,1.0,1.0,2
-0.0166094750165939,0.0,0.0,1
-0.0276963971555233,1.0,1.0,1
0.0735840275883674,0.0,0.0,0
0.076231874525547,0.0,1.0,2
0.0839939340949058,0.0,0.0,1
0.0119866468012332,1.0,0.0,0
0.0315664187073707,0.0,1.0,2
0.1800637245178222,0.0,1.0,2
0.1341869086027145,1.0,1.0,0
0.0100074727088212,0.0,0.0,0
0.0598578378558158,1.0,1.0,1
0.0382601022720336,1.0,1.0,1
-0.0256867110729217,0.0,1.0,2
0.0239401049911975,0.0,1.0,0
0.1369838416576385,1.0,0.0,0
0.0155125558376312,0.0,1.0,1
0.1100409924983978,0.0,0.0,2
0.0883424654603004,1.0,1.0,0
-0.0298561546951532,0.0,0.0,1
-0.0071008000522851,0.0,0.0,2
0.0957778990268707,0.0,1.0,2
0.0751663595438003,0.0,0.0,0
0.0929763093590736,0.0,1.0,1
0.0385552570223808,0.0,1.0,0
0.0546963773667812,0.0,0.0,2
0.0911443457007408,0.0,0.0,2
0.0462055876851081,1.0,1.0,2
0.2341326922178268,1.0,1.0,0
-0.0577211566269397,0.0,1.0,2
0.1817335784435272,0.0,0.0,1
-0.0314503125846385,1.0,1.0,2
0.0661038905382156,1.0,1.0,0
-0.0045285373926162,1.0,1.0,2
0.0224255807697772,0.0,0.0,1
0.0849631577730178,0.0,1.0,1
0.1236226037144661,0.0,1.0,2
0.1199323832988739,0.0,1.0,1
0.4576505422592163,1.0,1.0,2
0.0352909788489341,0.0,0.0,0
0.0313142016530036,0.0,0.0,2
0.0194189231842756,0.0,0.0,0
0.0734359174966812,0.0,0.0,0
0.1934869289398193,0.0,1.0,1
0.0317306593060493,0.0,0.0,1
0.0262663848698139,1.0,1.0,0
0.094599649310112,0.0,1.0,2
0.084260493516922,0.0,0.0,2
0.0422508418560028,0.0,1.0,1
0.0461444333195686,0.0,1.0,2
0.0612471178174018,0.0,0.0,2
0.0274313539266586,0.0,1.0,0
0.1641169190406799,0.0,1.0,0
0.1087202727794647,1.0,1.0,0
0.2629312574863434,0.0,0.0,1
0.1077653765678405,0.0,1.0,2
0.3439675569534302,1.0,1.0,2
0.2359094470739364,0.0,1.0,0
-0.0240761172026395,0.0,0.0,0
0.4122791886329651,1.0,1.0,1
0.0248101707547903,0.0,0.0,2
0.0262663848698139,1.0,1.0,0
0.0710936486721038,0.0,0.0,0
0.070317305624485,1.0,1.0,2
0.0890412181615829,0.0,1.0,1
0.02898177690804,0.0,1.0,0
0.013395907357335,0.0,0.0,2
0.1062845885753631,0.0,1.0,2
0.1662819385528564,0.0,1.0,1
0.1129723936319351,0.0,0.0,1
0.0611846856772899,0.0,0.0,2
0.3880512714385986,1.0,1.0,0
-0.0141512975096702,0.0,0.0,1
0.0458841957151889,0.0,1.0,2
0.0731498599052429,0.0,0.0,0
-0.0268020518124103,0.3333333333333333,1.0,1
0.0615957975387573,1.0,1.0,2
0.0100296847522258,0.0,0.0,1
0.0764141380786895,0.0,1.0,1
0.1053624898195266,1.0,1.0,1
0.3000743091106415,1.0,1.0,1
-0.0024420507252216,0.0,0.0,1
0.1344872117042541,0.0,0.0,2
0.0420258231461048,0.0,0.0,1
0.0364865586161613,0.0,0.0,0
0.0509525910019874,0.0,1.0,1
-0.0633315965533256,0.0,0.0,2
0.0765565633773803,1.0,1.0,0
0.1015711575746536,0.0,0.0,2
0.3593571186065674,1.0,1.0,1
0.0249607861042022,1.0,1.0,1
0.2430741190910339,1.0,1.0,0
0.2540150284767151,1.0,1.0,0
0.4863264560699463,0.0,1.0,1
0.1372959613800048,0.0,0.0,2
0.0462697185575962,0.0,1.0,1
0.0901895463466644,1.0,1.0,0
-0.0322068184614181,1.0,1.0,2
0.0245741866528987,0.0,0.0,2
0.0509838014841079,0.0,0.0,1
-0.0025185123085975,0.0,0.0,2
0.1653390526771545,1.0,1.0,0
0.0178050100803375,0.0,1.0,1
0.0405714884400367,1.0,1.0,0
0.0378452129662036,1.0,1.0,0
0.046751320362091,0.0,1.0,0
0.0912826508283615,0.0,0.0,0
0.5448955297470093,0.0,0.0,0
0.0589742362499237,0.0,1.0,0
0.078897550702095,0.0,0.0,0
0.1061600595712661,0.0,1.0,0
0.0633609443902969,0.0,1.0,0
0.003193600103259,0.0,1.0,0
0.0307239387184381,0.0,1.0,2
0.1150252670049667,0.0,1.0,0
0.0930006206035614,1.0,1.0,0
0.1022391468286514,0.0,1.0,1
0.107159212231636,0.0,0.0,2
0.0381767228245735,0.0,0.0,2
0.0325735658407211,0.0,1.0,1
0.0451461374759674,1.0,1.0,2
0.0559135042130947,0.0,1.0,1
0.0175365302711725,1.0,1.0,2
0.1315315812826156,0.0,0.0,2
0.0890435576438903,0.0,0.0,2
0.2593224942684173,0.0,1.0,2
0.0303717255592346,0.0,0.0,2
0.0952597856521606,0.0,0.0,2
0.4614758491516113,0.0,0.0,2
0.0938551798462867,1.0,1.0,0
-0.014508793130517,0.0,0.0,1
0.0157644301652908,1.0,1.0,1
0.0678228437900543,0.0,0.0,1
0.0079990420490503,0.0,0.0,1
0.0533809699118137,1.0,1.0,0
0.1204450130462646,0.0,0.0,2
0.0409770533442497,1.0,1.0,0
0.084108680486679,0.0,1.0,2
0.1104005649685859,1.0,1.0,1
0.2678704857826233,0.6666666666666666,1.0,1
0.0049451831728219,0.0,0.0,0
-0.0106971133500337,0.0,0.0,1
0.809431791305542,1.0,1.0,1
-0.0036995075643062,0.0,0.0,2
0.0378234833478927,0.0,0.0,2
0.0551397502422332,0.0,1.0,1
0.0215829312801361,0.0,1.0,2
-0.0330817587673664,1.0,1.0,1
0.2823795676231384,1.0,1.0,0
0.0684360116720199,0.0,0.0,2
0.0655151307582855,0.0,1.0,1
0.1047499403357505,0.0,0.0,2
0.1414212733507156,0.0,1.0,0
0.0551122911274433,0.0,0.0,0
0.5140600800514221,0.0,1.0,2
0.2122530043125152,1.0,1.0,0
0.1397843211889267,0.0,1.0,1
0.0747017189860344,0.0,0.0,2
-0.0123646650463342,0.0,0.0,2
0.5707435011863708,1.0,1.0,1
-0.0170300733298063,0.0,1.0,1
0.1056506335735321,0.0,1.0,2
0.054622508585453,0.0,0.0,2
0.0651770308613777,0.0,0.0,0
-0.0025573819875717,0.0,1.0,1
0.010871272534132,1.0,1.0,0
0.0497843474149704,1.0,1.0,0
0.1214625239372253,0.0,1.0,1
0.0234536565840244,0.0,1.0,2
0.0232731904834508,0.0,0.0,2
0.3509446382522583,0.0,0.0,2
0.2579037547111511,0.0,0.0,0
-0.0053731501102447,0.0,0.0,0
0.0341264009475708,0.0,0.0,0
0.0794044435024261,1.0,1.0,2
0.0193496998399496,0.0,0.0,2
0.0475601814687252,1.0,1.0,1
0.0022392682731151,0.0,1.0,0
0.0267415083944797,0.0,1.0,1
-0.0195054225623607,0.0,1.0,0
0.0500498600304126,1.0,1.0,2
0.0387371182441711,0.0,0.0,2
0.3357362747192383,1.0,1.0,0
0.0119866468012332,1.0,1.0,0
0.1293239444494247,0.0,0.0,2
0.0359446331858634,0.0,1.0,0
0.2540150284767151,1.0,1.0,0
0.0338442623615264,0.0,1.0,2
0.1078874543309211,0.0,1.0,1
0.0461752973496913,1.0,1.0,0
0.0496544316411018,0.0,0.0,0
0.0596192255616188,0.0,1.0,2
0.0274716764688491,0.0,0.0,1
0.0203696191310882,0.0,0.0,1
0.0045601995661854,0.0,1.0,0
0.120933249592781,0.0,1.0,0
0.0968597903847694,1.0,1.0,2
0.0602506175637245,0.0,0.0,2
0.0528611652553081,0.0,0.0,2
0.0485435836017131,0.0,1.0,1
0.1079577878117561,0.0,0.0,0
0.1095132231712341,0.0,1.0,2
0.6302753686904907,1.0,1.0,0
0.0314899459481239,0.0,0.0,1
0.0393579974770545,0.0,0.0,1
0.1507623195648193,0.0,0.0,2
0.0594050735235214,0.0,0.0,0
0.0492591299116611,1.0,1.0,0
0.1809630990028381,0.0,1.0,2
0.4725845754146576,0.0,1.0,1
0.0594050735235214,0.0,0.0,2
0.0683916434645652,0.0,0.0,0
0.0364865586161613,0.0,0.0,0
0.1049557030200958,0.0,1.0,0
0.0398876965045928,0.0,1.0,2
0.0694924741983413,0.0,0.0,1
0.0506600886583328,1.0,1.0,1
0.0732569247484207,0.0,1.0,0
0.0029540937393903,0.0,1.0,1
0.0966721996665,0.0,0.0,2
0.1255839616060257,0.0,0.0,2
0.0846401453018188,0.0,0.0,1
0.0306371971964836,0.0,0.0,2
0.0829621106386184,0.0,1.0,0
-0.0106971133500337,0.0,0.0,1
0.0334155149757862,0.0,1.0,1
0.2423375844955444,1.0,1.0,1
-0.0183684676885604,1.0,1.0,1
0.0514639541506767,0.0,1.0,0
0.0152541864663362,1.0,1.0,1
0.125923216342926,0.0,0.0,0
-0.0503422245383262,0.0,0.0,1
0.030778232961893,0.0,1.0,2
0.0476906597614288,0.0,1.0,0
0.0364865586161613,0.0,0.0,1
0.0354482978582382,1.0,1.0,1
0.0474055185914039,0.0,0.0,1
0.0049784481525421,0.0,1.0,2
0.2576392590999603,0.0,1.0,0
0.0732747092843055,0.0,1.0,2
-0.0098379720002412,0.0,0.0,1
0.0325735658407211,0.0,1.0,1
0.0106831435114145,0.0,0.0,1
0.0823747664690017,0.0,1.0,0
-0.0308709628880023,0.0,0.0,1
0.0590714551508426,0.0,0.0,2
0.1393092423677444,0.0,0.0,0
-0.0159845054149627,1.0,1.0,2
0.0382241420447826,1.0,1.0,1
0.1024180948734283,0.0,1.0,0
-0.0013421382755041,0.0,0.0,2
0.0016287378966808,0.0,0.0,1
0.1002483665943145,0.0,1.0,1
-0.0108335949480533,0.0,0.0,2
0.0733941569924354,0.0,1.0,0
0.0224378556013107,0.0,0.0,2
0.0485239177942276,0.0,0.0,0
0.3427307605743408,0.0,0.0,2
0.009895646944642,0.0,1.0,0
0.1273331046104431,0.0,0.0,0
0.2430741190910339,0.0,1.0,0
0.0868389755487442,0.0,1.0,2
0.0820327326655387,0.0,1.0,2
-0.0526503212749958,0.0,0.0,2
0.0858232006430625,0.0,1.0,0
0.1602997779846191,0.0,1.0,0
0.2335870563983917,0.0,1.0,1
0.3584312200546264,0.25,1.0,1
0.0758321806788444,0.0,0.0,2
0.0839939340949058,0.0,0.0,1
0.0906399264931678,1.0,1.0,1
0.0479022786021232,0.0,0.0,1
0.4997471570968628,1.0,1.0,0
-0.069142960011959,0.0,1.0,2
0.0686318427324295,1.0,1.0,2
0.0671055763959884,0.0,1.0,0
-0.0036911056376993,0.0,0.0,2
0.0916877090930938,0.0,0.0,2
0.3756332397460937,0.0,0.0,1
0.4687541723251343,0.0,1.0,1
-0.0464552417397499,0.0,1.0,2
-0.0417847633361816,0.0,1.0,1
0.0730150043964386,1.0,1.0,2
0.0062557179480791,0.0,1.0,2
0.0875575095415115,0.0,0.0,2
0.0079420041292905,0.0,0.0,2
0.0590794086456298,0.0,0.0,1
0.1930146217346191,0.0,0.0,1
0.0911372154951095,0.0,0.0,1
0.0092162685468792,1.0,1.0,0
0.0902807265520095,0.0,0.0,1
0.0438098832964897,0.0,1.0,1
0.007915886119008,0.0,0.0,0
0.0679932013154029,0.0,1.0,1
0.0721826776862144,0.0,0.0,2
0.0484344735741615,0.0,1.0,2
0.1054183393716812,0.0,1.0,0
-0.0178056992590427,0.0,0.0,2
0.2009262591600418,1.0,1.0,2
0.0791305750608444,0.0,0.0,0
0.0355865061283111,0.0,0.0,0
-0.0534676723182201,0.0,0.0,1
0.1094579696655273,0.0,0.0,1
0.0608875229954719,0.0,1.0,1
0.6200425028800964,0.0,0.0,0
-0.0039709098637104,0.0,1.0,2
0.1863754838705063,0.0,0.0,1
0.0193496998399496,0.0,0.0,2
0.0857915058732032,0.0,1.0,0
-0.0032899044454097,0.0,1.0,0
0.1103494316339492,0.0,0.0,1
0.0218857079744339,1.0,1.0,0
-0.0026745833456516,0.0,1.0,1
0.3988324999809265,1.0,1.0,0
-0.0206972360610961,0.0,1.0,1
0.0442584306001663,0.0,0.0,0
0.1607297360897064,1.0,1.0,0
0.0723558664321899,0.0,0.0,1
0.0821194127202034,1.0,1.0,0
0.137552410364151,0.0,1.0,1
0.0882912501692771,1.0,1.0,2
0.2196578681468963,1.0,1.0,0
0.0559599921107292,0.0,1.0,1
0.114977091550827,0.0,0.0,0
0.0040738079696893,0.0,1.0,0
0.5980011224746704,0.0,0.0,2
0.4250414669513702,0.0,0.0,1
0.0843789428472518,1.0,1.0,2
0.0208583623170852,0.0,1.0,1
0.097664751112461,1.0,1.0,2
0.0466626659035682,0.0,1.0,2
0.0816831290721893,1.0,1.0,0
0.0551474317908287,0.0,0.0,2
-0.0423078648746013,1.0,1.0,2
0.1151194274425506,1.0,1.0,0
0.0712449103593826,1.0,1.0,2
0.0405714884400367,1.0,1.0,0
0.0145502723753452,0.0,1.0,0
0.0901768580079078,0.0,0.0,1
0.238666146993637,1.0,1.0,0
0.0841892212629318,0.0,0.0,1
0.0610795579850673,0.0,1.0,1
0.0338630229234695,0.0,0.0,2
-0.0441122539341449,1.0,1.0,1
0.1042721644043922,0.0,0.0,2
0.1394982039928436,1.0,1.0,2
-0.0609382763504982,0.0,1.0,2
0.089159294962883,0.0,1.0,1
0.0395103842020034,0.0,0.0,2
0.0102756787091493,0.0,1.0,0
0.0983347371220588,0.0,0.0,2
0.0418616905808448,0.0,1.0,1
-0.0696415305137634,0.0,0.0,2
0.1019704788923263,0.0,0.0,1
0.0319052785634994,0.0,0.0,1
0.022284323349595,0.0,1.0,2
0.1189613789319992,0.0,0.0,2
-0.0385921671986579,0.0,0.0,0
0.0509314201772213,0.0,0.0,2
0.0420258231461048,0.0,0.0,1
0.0649283230304718,0.0,0.0,1
-0.0334684289991855,0.0,0.0,2
0.0176495630294084,0.0,0.0,1
-0.0047010434791445,0.0,1.0,0
0.047800462692976,1.0,1.0,0
0.0907985046505928,0.0,0.0,1
0.0227849539369344,0.0,1.0,0
0.0011449046432971,0.0,0.0,2
0.0637600719928741,1.0,1.0,2
0.0433466508984565,0.0,1.0,1
0.0616364851593971,1.0,1.0,1
0.0713441520929336,0.0,0.0,2
0.2320145964622497,0.0,1.0,2
0.0790909305214881,0.0,0.0,2
0.0740217864513397,0.0,1.0,1
0.0336143225431442,0.0,0.0,1
-0.0113395825028419,0.0,0.0,0
0.0538028851151466,0.0,0.0,2
0.0904992967844009,0.0,1.0,0
0.547690212726593,0.0,1.0,1
0.0868047028779983,0.0,1.0,1
0.0986559391021728,0.0,0.0,2
0.0865955427289009,0.0,0.0,2
0.0483670644462108,0.0,0.0,1
0.0572236776351928,0.0,0.0,2
0.0010827668011188,1.0,1.0,1
0.1600960791110992,0.0,1.0,1
0.1117620393633842,0.0,1.0,2
0.0473540946841239,0.0,1.0,0
0.3718481063842773,0.0,1.0,2
0.0874691754579544,0.0,0.0,1
0.1384860575199127,1.0,1.0,1
0.1656464189291,0.0,0.0,2
0.2507248520851135,1.0,1.0,2
0.1576649099588394,0.0,0.0,0
0.0665566325187683,0.0,1.0,1
0.0709438547492027,1.0,1.0,1
-0.0405435636639595,0.0,0.0,0
0.0879515409469604,0.0,1.0,0
0.066560722887516,1.0,0.0,1
0.0112214051187038,0.0,0.0,0
0.0373642183840274,0.0,0.0,2
0.0089616104960441,0.0,1.0,2
0.0196461305022239,0.0,1.0,2
-0.0171679817140102,0.0,0.0,0
0.1382818967103958,1.0,1.0,0
0.0122111095115542,0.0,1.0,1
0.0691453963518142,0.0,0.0,1
-0.065845713019371,0.0,1.0,0
0.399690181016922,0.0,0.0,0
0.060516633093357,1.0,1.0,0
0.1090336591005325,0.0,1.0,0
0.0584185421466827,0.0,1.0,0
0.1373049914836883,1.0,1.0,1
0.071073479950428,0.0,0.0,1
0.0833874568343162,1.0,1.0,2
0.1534036844968795,0.0,1.0,1
0.3427307605743408,0.0,0.0,2
-0.0045640189200639,0.0,0.0,1
0.0388453267514705,1.0,1.0,0
0.0657365396618843,0.0,0.0,0
0.0498443394899368,1.0,1.0,2
0.0420258231461048,0.0,0.0,0
-0.0176246650516986,0.0,0.0,1
0.3191089630126953,0.0,0.0,2
0.1342581808567047,1.0,1.0,0
-0.0274168290197849,0.0,0.0,0
0.003269100561738,0.0,1.0,2
0.060516633093357,1.0,1.0,0
0.0622358433902263,0.0,0.0,0
-0.0075605534948408,0.0,1.0,2
0.2125394493341446,1.0,1.0,0
0.1056809723377227,0.0,0.0,0
0.0584060102701187,0.0,0.0,2
0.072789080440998,1.0,1.0,0
0.0274716764688491,0.0,0.0,0
0.0092272646725177,0.0,0.0,2
0.0152541864663362,1.0,1.0,0
0.0342439264059066,1.0,1.0,1
0.008697897195816,1.0,1.0,2
0.0559070594608783,0.0,0.0,1
-0.0292653478682041,0.0,0.0,2
0.1992139816284179,0.0,1.0,2
0.5281682014465332,0.0,0.0,1
0.547165036201477,0.0,1.0,1
0.0612057261168956,0.0,0.0,1
-0.063322402536869,1.0,1.0,2
0.0425433963537216,0.0,1.0,1
0.0865735113620758,0.0,0.0,2
0.062554270029068,0.0,0.0,2
-0.028203934431076,0.0,1.0,2
-0.0329649820923805,0.0,0.0,2
0.047800462692976,1.0,1.0,0
0.0552392490208148,0.0,0.0,1
0.0931227579712867,0.0,1.0,2
0.107534110546112,0.0,1.0,0
0.1366897523403167,0.0,0.0,1
-0.0606578961014747,0.0,0.0,2
0.144693523645401,0.0,0.0,1
0.0305449906736612,1.0,1.0,0
0.1641169190406799,0.0,1.0,0
0.084337331354618,1.0,1.0,1
0.0668659806251525,0.0,0.0,1
0.0236690249294042,1.0,1.0,1
0.087623730301857,1.0,1.0,0
0.809431791305542,1.0,1.0,0
0.0902812108397483,0.0,1.0,1
0.0001014489680528,0.0,0.0,2
0.5578583478927612,0.0,0.0,1
0.0914939045906066,0.0,1.0,2
0.0460224673151969,1.0,1.0,1
0.3559005260467529,0.0,1.0,1
0.0423324927687644,1.0,1.0,1
0.1263207644224167,0.0,0.0,0
0.4558584094047546,1.0,1.0,2
0.1301973611116409,0.0,0.0,1
0.099818080663681,0.0,1.0,1
0.0806595310568809,1.0,1.0,1
0.1030320823192596,0.0,0.0,2
0.2420742213726043,0.0,1.0,0
0.011885592713952,1.0,1.0,2
0.1324761658906936,0.0,0.0,2
-0.0152899865061044,1.0,1.0,2
0.1608947813510894,0.0,1.0,0
0.0121269850060343,0.0,1.0,2
0.3804622590541839,1.0,1.0,1
0.0090858396142721,0.0,1.0,0
0.0894053131341934,1.0,1.0,1
0.0494755581021308,0.0,0.0,0
-0.014778109267354,1.0,1.0,0
0.0526858754456043,0.0,0.0,0
0.0810789614915847,0.0,0.0,0
0.0262663848698139,1.0,1.0,0
0.2336807548999786,1.0,1.0,0
0.1009448245167732,1.0,1.0,0
0.0581971257925033,0.0,0.0,1
0.1280402243137359,0.0,0.0,2
-0.0159699451178312,1.0,1.0,1
0.1470066308975219,1.0,1.0,0
-0.068688116967678,0.0,0.0,1
0.0621381103992462,0.0,0.0,2
0.0186360292136669,1.0,1.0,2
0.2226540744304657,1.0,1.0,0
0.0810789614915847,0.0,0.0,0
-0.0577276907861232,0.0,1.0,0
0.1038665920495987,1.0,1.0,2
-0.0314503125846385,1.0,1.0,2
0.155927687883377,1.0,1.0,1
0.0602698810398578,1.0,0.0,2
0.5704648494720459,0.0,0.0,2
-0.0100897774100303,0.0,0.0,2
0.4400872588157654,0.0,0.0,2
0.0387192144989967,0.0,0.0,0
0.0185547862201929,0.0,1.0,2
0.0596266686916351,0.0,0.0,1
0.040453664958477,0.0,1.0,0
0.5140600800514221,0.0,1.0,2
0.0875987038016319,0.0,0.0,1
0.0543606579303741,0.0,0.0,0
0.0121133774518966,0.0,0.0,1
0.0541211031377315,0.0,0.0,0
0.6309178471565247,1.0,1.0,0
0.0256808698177337,1.0,1.0,0
0.0404828190803527,1.0,1.0,2
0.0696296691894531,1.0,1.0,0
0.0382125079631805,1.0,1.0,2
0.199267640709877,1.0,1.0,0
0.0556727051734924,0.0,1.0,0
-0.0066941902041435,1.0,1.0,2
0.0163403376936912,0.0,0.0,2
0.0,1.0,1.0,1
0.0327573716640472,0.0,1.0,0
0.0499761775135993,0.0,0.0,1
0.1448163092136383,0.0,1.0,1
0.3404830992221832,0.0,1.0,0
-0.0037111900746822,0.0,0.0,1
0.1260106712579727,0.0,1.0,0
0.0945837199687957,0.0,0.0,2
0.0263318065553903,0.0,1.0,1
-0.0178122241050004,0.0,0.0,0
0.547690212726593,0.0,0.0,2
0.020200677216053,0.0,1.0,1
0.0616080835461616,0.0,1.0,1
0.2023209184408188,0.0,0.0,0
0.1599811017513275,1.0,1.0,0
0.1641169190406799,0.0,1.0,1
0.0187236629426479,0.0,0.0,1
0.0559070594608783,0.0,0.0,0
-0.0349439308047294,0.0,0.0,0
-0.0006330218166112,0.0,0.0,2
0.0314899459481239,0.0,0.0,1
0.0293165352195501,0.0,0.0,0
0.0712449103593826,1.0,1.0,0
0.064779594540596,1.0,1.0,2
0.054912943392992,0.0,0.0,1
0.1745997667312622,0.6666666666666666,1.0,0
0.0311786644160747,0.0,0.0,2
0.1122964397072792,0.0,1.0,1
0.0848802179098129,0.0,1.0,2
0.0575003065168857,0.0,0.0,1
-0.0479230396449565,0.0,1.0,1
0.0542047023773193,0.0,0.0,0
0.0104312896728515,0.0,0.0,1
-0.0244056563824415,0.0,1.0,0
-0.005146934185177,1.0,1.0,1
0.3316109776496887,0.0,0.0,1
0.0218202341347932,0.0,0.0,2
0.0173519495874643,0.0,1.0,0
-0.0047450428828597,1.0,0.0,0
0.1745997667312622,0.6666666666666666,1.0,0
0.125935286283493,0.0,1.0,1
-0.0183561444282531,0.0,1.0,2
0.0103291328996419,1.0,0.0,0
-0.0028433930128812,0.0,0.0,0
0.0354032143950462,0.0,0.0,1
-0.0616870038211345,0.0,1.0,0
0.0722884386777877,0.0,1.0,0
0.0437042564153671,1.0,1.0,0
0.1934869289398193,0.0,1.0,1
0.0227849539369344,0.0,1.0,2
0.0463837906718254,0.0,0.0,1
0.0276852902024984,1.0,1.0,1
-0.0101112490519881,0.0,0.0,1
0.0968549698591232,0.0,0.0,1
0.07023586332798,1.0,1.0,1
0.0924109295010566,1.0,1.0,0
0.0573452226817607,0.0,0.0,2
0.1389982849359512,0.0,1.0,0
0.0813305899500846,0.0,0.0,1
0.1021832674741745,0.0,1.0,1
0.0639308243989944,0.0,1.0,1
-0.0163426380604505,0.0,0.0,2
0.0509517937898635,0.0,1.0,2
0.0558896139264106,0.0,1.0,0
0.3854559063911438,0.5,1.0,1
0.0929763093590736,0.0,1.0,2
0.0268945507705211,0.0,0.0,2
0.0065207164734601,0.0,1.0,2
-0.0504912808537483,0.0,0.0,1
0.024372287094593,1.0,1.0,0
0.0237483996897935,0.0,0.0,0
0.115464873611927,0.0,1.0,0
0.0211485270410776,0.0,1.0,0
0.0838952213525772,1.0,1.0,1
0.0582084916532039,0.0,0.0,1
0.0628080368041992,0.0,1.0,2
0.0831122323870658,0.0,1.0,1
0.0957291796803474,0.0,1.0,0
0.0762870982289314,1.0,1.0,2
0.0911372154951095,0.0,0.0,0
0.0669641941785812,1.0,1.0,0
0.0522742941975593,0.0,0.0,1
0.0442790538072586,0.0,0.0,1
0.085714153945446,0.0,0.0,2
0.0670319646596908,0.0,0.0,0
0.0462590381503105,0.0,0.0,1
0.018243670463562,1.0,1.0,0
0.0484344735741615,0.0,1.0,2
0.0707800611853599,1.0,1.0,1
0.0342439264059066,1.0,1.0,1
0.0912783220410347,0.0,0.0,1
0.4627270400524139,0.0,0.0,1
0.0742854103446006,1.0,1.0,0
0.0672046020627021,0.0,0.0,2
0.1575089246034622,1.0,1.0,2
0.0809251219034195,1.0,1.0,0
0.809431791305542,1.0,1.0,0
0.1424843072891235,0.0,0.0,2
0.5114994645118713,0.0,1.0,0
0.058669701218605,0.0,0.0,2
0.1103494316339492,0.0,0.0,0
0.0292529836297035,1.0,1.0,1
0.1248474791646003,0.0,0.0,1
0.0141566395759582,0.0,0.0,2
-0.0638549923896789,0.0,0.0,2
0.0143607463687658,0.0,0.0,0
0.2551823258399963,1.0,1.0,0
0.2587667405605316,0.0,1.0,0
0.1192054599523544,0.0,1.0,0
0.0521483868360519,1.0,1.0,1
0.085714153945446,0.0,0.0,2
0.1656250804662704,0.0,1.0,2
0.0559070594608783,0.0,0.0,2
0.031614638864994,0.0,0.0,0
0.0257777497172355,1.0,1.0,0
0.0639057233929634,1.0,1.0,0
0.0411793813109397,1.0,1.0,0
0.0337939485907554,0.0,0.0,2
0.2540648877620697,0.0,1.0,2
0.0075479820370674,0.0,0.0,0
0.5040383338928223,1.0,1.0,2
0.0396053455770015,0.0,1.0,1
0.0576687566936016,0.0,0.0,2
0.0537423752248287,0.0,0.0,2
0.0698860138654708,0.0,0.0,1
0.1183148175477981,0.0,1.0,2
-0.0214310511946678,1.0,1.0,1
0.3448104858398437,0.0,1.0,2
0.2443713843822479,0.0,1.0,2
0.05691809207201,0.0,1.0,2
-0.0221036802977323,0.0,0.0,1
0.0306867137551307,0.0,0.0,0
0.0518586225807666,0.0,0.0,2
0.0333187505602836,0.0,0.0,0
0.2158821076154709,1.0,1.0,2
0.0137690100818872,0.0,0.0,1
0.0857915058732032,0.0,1.0,1
0.0122162532061338,0.0,1.0,1
0.007866945117712,0.0,0.0,0
0.0436788164079189,0.0,1.0,2
0.2336807548999786,1.0,1.0,0
0.0596192255616188,0.0,1.0,0
0.0740217864513397,0.0,1.0,0
-0.0094540808349847,0.0,1.0,2
0.0642601400613784,0.0,1.0,2
-0.0006547309458255,0.0,0.0,0
0.0263582654297351,0.0,0.0,1
0.0190825797617435,1.0,1.0,1
0.0622017458081245,1.0,1.0,2
-0.0534676723182201,0.0,0.0,2
0.075757123529911,0.0,0.0,2
0.3577616214752197,0.0,0.0,0
0.0262663848698139,1.0,1.0,0
0.0497767254710197,0.0,0.0,1
0.070305623114109,0.0,0.0,2
0.0740217864513397,0.0,1.0,1
0.010871272534132,1.0,1.0,1
-0.0385485589504241,0.0,0.0,1
0.1117620393633842,0.0,1.0,0
0.1273556351661682,0.0,1.0,0
0.0149227753281593,0.0,1.0,0
-0.0027218181639909,0.0,1.0,1
0.0093185119330883,0.0,1.0,0
0.0990536138415336,1.0,1.0,0
0.0693063884973526,0.0,0.0,1
0.0310396440327167,1.0,1.0,2
0.1534036844968795,0.0,1.0,1
0.1217282265424728,0.0,1.0,2
0.0874383896589279,0.0,0.0,2
0.0144676230847835,0.0,0.0,2
0.1397066414356231,0.0,0.0,0
0.550635576248169,0.0,1.0,0
0.0302424374967813,1.0,1.0,2
0.1798130273818969,0.0,0.0,0
0.0505656041204929,0.0,1.0,1
0.0944268405437469,1.0,1.0,2
0.1247361898422241,0.0,1.0,2
0.1241733580827713,1.0,1.0,2
0.1342581808567047,1.0,1.0,1
0.0701176822185516,1.0,1.0,1
0.1108738332986831,0.0,1.0,1
-0.0281928647309541,0.0,1.0,2
-0.034674946218729,0.0,1.0,2
0.0823640152812004,0.0,1.0,2
0.0032166764140129,0.0,1.0,1
0.07906424254179,0.0,0.0,1
0.1398001164197921,1.0,1.0,2
-0.0038265073671936,0.0,1.0,2
0.033566839993,0.0,1.0,2
0.0262663848698139,1.0,1.0,0
-0.0506520867347717,0.0,0.0,0
0.1314617991447448,0.0,1.0,0
0.4791500866413116,0.0,0.0,0
0.0709438547492027,1.0,1.0,1
-0.0036911056376993,0.0,0.0,2
0.0797678381204605,0.0,0.0,1
0.3219900131225586,0.0,1.0,1
0.106981948018074,1.0,1.0,2
-0.0371514856815338,1.0,1.0,2
0.0547045171260833,0.0,0.0,1
0.1263538300991058,0.0,0.0,2
0.0112703368067741,0.0,1.0,2
0.1132380664348602,0.0,1.0,2
0.0881761759519577,0.0,1.0,1
0.0520856231451034,0.0,0.0,0
0.1216467469930648,0.0,1.0,0
0.0717672407627105,0.0,0.0,1
0.0466424785554409,0.0,0.0,0
0.2423163205385208,1.0,1.0,0
0.1240281909704208,0.0,1.0,1
0.0001558363437652,1.0,1.0,0
0.5578583478927612,0.0,0.0,0
0.0702046453952789,0.0,0.0,0
0.0825041308999061,0.0,1.0,1
0.0111974868923425,0.0,0.0,1
0.0476607456803321,1.0,1.0,1
0.1149671897292137,0.0,1.0,0
-0.0287988595664501,0.0,0.0,2
0.5363016724586487,0.3333333333333333,1.0,1
0.0672540068626403,1.0,1.0,2
0.0002895668148994,0.0,1.0,0
0.0509314201772213,0.0,0.0,1
0.3464134931564331,0.0,0.0,2
0.0453487895429134,1.0,1.0,2
0.088632546365261,1.0,1.0,0
-0.017195776104927,0.0,0.0,1
0.4325011968612671,0.75,1.0,1
0.0740217864513397,0.0,1.0,2
0.099462017416954,1.0,1.0,0
0.0606475844979286,1.0,1.0,1
0.0302424374967813,1.0,1.0,1
0.1454684734344482,0.0,1.0,1
0.0938419550657272,0.0,1.0,0
0.0849921777844429,0.0,0.0,2
0.0569462887942791,0.0,1.0,2
0.0911372154951095,0.0,0.0,1
-0.0374409779906272,1.0,1.0,2
0.1125639155507087,0.0,1.0,0
0.2507423162460327,1.0,1.0,0
0.0786605179309845,0.0,0.0,0
0.0791934803128242,0.0,0.0,2
0.1046853736042976,0.0,1.0,2
0.106942132115364,0.0,1.0,0
0.0393662601709365,0.0,0.0,0
0.1466985493898391,0.0,0.0,0
-0.0106339734047651,0.0,1.0,0
0.040903951972723,0.0,0.0,2
0.0737401992082595,0.0,0.0,1
0.1414212733507156,1.0,1.0,0
0.1135065928101539,0.0,0.0,1
0.1100462228059768,1.0,1.0,0
0.4981516599655151,0.0,1.0,2
0.1539089828729629,1.0,1.0,0
0.0017121136188507,0.0,1.0,1
0.0507891699671745,1.0,1.0,0
-0.0098441811278462,0.0,0.0,2
0.0498443394899368,1.0,1.0,2
0.0475157462060451,0.0,0.0,2
0.1282736659049987,0.0,0.0,1
-0.0064434828236699,0.0,1.0,1
0.0278947483748197,0.0,0.0,1
-0.0050775296986103,0.0,0.0,2
0.4444565176963806,0.0,0.0,1
0.0216905754059553,0.0,0.0,1
0.0323253571987152,0.0,0.0,2
0.0271521210670471,1.0,1.0,0
0.0474426411092281,0.0,1.0,1
0.0427067503333091,0.0,1.0,0
0.0751663595438003,0.0,0.0,0
0.0666281729936599,0.0,0.0,1
0.0543452128767967,1.0,1.0,2
-0.0108561683446168,1.0,1.0,0
0.3458297848701477,0.75,1.0,0
0.0477542728185653,0.0,1.0,2
0.0890446156263351,0.0,0.0,2
0.1240281909704208,0.0,1.0,1
-0.0083813443779945,0.0,1.0,1
0.031644195318222,0.0,1.0,2
0.2081744968891143,1.0,1.0,2
0.1059039831161499,1.0,1.0,1
0.0985281690955162,0.0,0.0,0
-0.0469829216599464,0.0,1.0,1
-0.0077318754047155,0.0,0.0,2
0.540218710899353,0.0,0.0,2
0.010871272534132,1.0,1.0,0
0.0867428332567215,0.0,0.0,1
0.1028030142188072,0.0,1.0,1
0.1368410587310791,0.0,1.0,1
0.2106611132621765,1.0,1.0,1
0.0106831435114145,0.0,0.0,2
0.1024180948734283,0.0,1.0,1
0.0694188848137855,1.0,1.0,0
0.3935913741588592,0.0,1.0,2
-0.0170051269233226,1.0,1.0,1
0.0641133338212966,1.0,1.0,2
0.0482460483908653,1.0,1.0,2
0.0661672949790954,0.0,1.0,1
-0.0195054225623607,0.0,1.0,0
0.0032166764140129,0.0,1.0,2
0.0472681373357772,0.0,1.0,0
0.0419658422470092,0.0,1.0,1
0.4271968603134155,0.0,1.0,0
0.0285666547715663,0.0,1.0,2
0.065565750002861,1.0,1.0,0
0.0584159754216671,1.0,1.0,2
0.1154477372765541,0.0,0.0,0
0.0745130777359008,0.0,1.0,0
-0.0072225518524646,0.0,1.0,0
0.0389300137758255,1.0,1.0,2
0.474833607673645,1.0,1.0,2
0.030580561608076,0.0,1.0,0
0.0608059465885162,0.0,0.0,0
0.0093185119330883,0.0,1.0,1
0.0100535685196518,0.0,0.0,2
0.0649949163198471,0.0,0.0,2
0.0263582654297351,0.0,0.0,2
0.105519101023674,0.0,1.0,2
-0.0488853119313716,0.0,0.0,1
0.0079420041292905,0.0,0.0,0
0.1065853238105773,0.0,1.0,0
0.0314899459481239,0.0,0.0,1
0.0090858396142721,0.0,1.0,2
-0.0268265232443809,0.0,1.0,2
0.0433928593993186,0.0,0.0,2
0.3004665076732635,1.0,1.0,0
0.0098946914076805,1.0,1.0,0
-0.0150472614914178,1.0,1.0,0
0.2278594225645065,0.0,1.0,1
0.0437215231359005,0.0,1.0,1
0.0062436517328023,0.0,1.0,1
0.0875920504331588,0.0,0.0,0
-0.0154661629348993,1.0,1.0,0
0.0873653665184974,1.0,1.0,0
0.0395268350839614,1.0,1.0,0
0.0732250958681106,0.0,1.0,0
0.0358775183558464,0.0,1.0,0
-0.0690190866589546,0.0,0.0,0
0.0735840275883674,0.0,0.0,2
0.547690212726593,0.0,0.0,2
0.0093724019825458,0.0,1.0,0
0.0299493689090013,1.0,1.0,2
0.0212361998856067,1.0,1.0,1
0.0760467126965522,0.0,1.0,1
0.0460224673151969,1.0,1.0,2
0.106942132115364,0.0,1.0,0
0.0968549698591232,0.0,0.0,0
0.0790135562419891,1.0,1.0,2
0.097664751112461,1.0,1.0,1
0.0359069518744945,1.0,1.0,1
0.135296955704689,0.0,1.0,1
0.0432355031371116,1.0,1.0,2
0.3370290398597717,0.0,0.0,0
-0.0071583474054932,0.0,1.0,0
0.0614597238600254,0.0,0.0,0
0.0102670760825276,0.0,1.0,2
0.131161630153656,0.0,0.0,2
0.034794807434082,1.0,1.0,0
0.0424446463584899,0.0,0.0,2
0.0903778374195098,1.0,1.0,2
0.0612952932715415,0.0,1.0,1
0.0414850041270256,0.0,0.0,2
0.0317703150212764,0.0,1.0,0
0.1153919696807861,1.0,1.0,0
0.0826737433671951,0.0,0.0,1
0.0466311946511268,0.0,1.0,1
0.0805395096540451,0.0,1.0,0
0.0721998736262321,1.0,1.0,0
0.08191978931427,0.0,1.0,0
0.0268671512603759,0.0,0.0,1
0.0718828737735748,0.0,0.0,0
0.0717764794826507,0.0,0.0,1
0.0488611087203025,0.0,0.0,0
0.038519486784935,0.0,1.0,2
0.0987015515565872,0.0,0.0,2
-0.0293709319084882,0.0,0.0,0
0.0898555740714073,1.0,1.0,2
0.0405148640275001,0.0,0.0,1
0.0876232385635376,0.0,0.0,0
0.0008228570222854,0.0,1.0,0
0.3409693241119385,0.0,1.0,2
0.809431791305542,1.0,1.0,1
0.0605955980718135,0.0,0.0,0
0.0259989351034164,0.0,1.0,2
0.2430741190910339,1.0,1.0,0
0.3220484554767608,0.0,1.0,1
0.0522318072617054,0.0,0.0,2
0.1454684734344482,0.0,1.0,0
-0.0086956098675727,0.0,1.0,1
0.0584060102701187,0.0,0.0,2
0.093851089477539,0.0,0.0,2
0.0936212986707687,1.0,1.0,1
-0.0090490654110908,0.0,1.0,0
0.0385552570223808,0.0,1.0,1
0.1104005649685859,1.0,1.0,1
0.0823985114693641,0.0,0.0,0
-0.006031141616404,1.0,1.0,1
-0.0362458005547523,1.0,1.0,0
0.1202264204621315,0.0,0.0,2
0.0183910112828016,0.0,0.0,0
0.0666102692484855,0.0,1.0,0
0.3234862685203552,1.0,1.0,0
0.0925634503364563,0.0,1.0,0
0.0271488465368747,1.0,1.0,0
0.020462604239583,1.0,1.0,1
0.0001764371991157,0.0,1.0,1
0.0286986213177442,1.0,1.0,2
0.0602506175637245,0.0,0.0,1
0.0744209885597229,1.0,1.0,1
0.0437215231359005,0.0,1.0,1
0.0340313240885734,0.0,0.0,2
0.120821475982666,1.0,1.0,1
0.4274318814277649,0.0,1.0,1
0.0597542487084865,0.0,0.0,2
0.0262663848698139,1.0,1.0,0
0.0489368662238121,0.0,1.0,1
0.0559070594608783,0.0,0.0,0
0.0733941569924354,0.0,1.0,0
0.1072800308465957,0.0,1.0,1
0.0461752973496913,1.0,1.0,1
-0.02938774228096,0.0,1.0,2
-0.0047450428828597,1.0,0.0,0
0.0696973204612732,0.0,1.0,1
0.0966540053486824,1.0,1.0,0
0.0859223008155822,0.0,1.0,0
0.4791500866413116,0.0,0.0,1
0.0643305703997612,0.0,0.0,2
0.0025129746645689,1.0,1.0,1
0.011507011950016,0.0,0.0,1
0.1269190907478332,0.0,1.0,1
-0.0059291087090969,0.0,0.0,1
0.1440776884555816,1.0,1.0,2
0.1107875406742096,1.0,1.0,2
0.0823221802711486,0.0,0.0,0
0.0810328349471092,0.0,1.0,0
0.1182826310396194,0.0,1.0,1
0.0724588856101036,0.0,1.0,0
0.098787821829319,0.0,0.0,1
0.0565914288163185,1.0,1.0,2
0.0196527391672134,0.0,0.0,2
0.0207633525133132,0.0,1.0,2
0.0524695217609405,0.0,0.0,1
0.1213784739375114,0.0,0.0,2
0.1516705155372619,0.0,1.0,1
0.0943139791488647,0.0,0.0,2
0.0839884355664253,0.0,0.0,1
0.005654226988554,1.0,1.0,2
0.2607728242874145,1.0,1.0,0
0.018243670463562,1.0,1.0,2
-0.0144055252894759,1.0,1.0,0
0.4180861711502075,1.0,1.0,1
0.0318402238190174,1.0,1.0,0
0.3018281161785126,1.0,1.0,2
0.0533130094408988,1.0,1.0,2
-0.0252534709870815,0.0,1.0,1
0.0802831947803497,0.0,1.0,0
0.0179524105042219,1.0,1.0,1
0.0668628588318824,0.0,0.0,1
0.108480729162693,0.0,0.0,0
0.0543944612145423,0.0,1.0,0
0.0866830945014953,1.0,1.0,2
0.1973230391740799,0.0,0.0,2
0.0030027031898498,1.0,1.0,2
0.0616007484495639,0.0,1.0,0
0.203923761844635,1.0,1.0,0
0.1181831210851669,0.0,1.0,2
0.1727344989776611,0.0,1.0,1
0.0910194590687751,0.0,1.0,1
0.0997619479894638,0.0,0.0,0
0.0494468137621879,0.0,0.0,2
0.0938392281532287,1.0,1.0,1
0.0004092175513505,0.0,1.0,2
-0.0032899044454097,0.0,1.0,1
0.1199323832988739,0.0,1.0,1
0.5604615211486816,1.0,1.0,0
0.0063617005944252,1.0,1.0,1
0.0233889855444431,0.0,0.0,2
0.0671947598457336,0.0,0.0,1
0.2336807548999786,1.0,1.0,0
0.0707637965679168,0.0,0.0,1
0.0744423270225524,1.0,1.0,0
0.031762421131134,0.0,0.0,1
0.0120873618870973,0.0,1.0,1
0.3544400334358215,0.0,0.0,2
-0.031539287418127,0.0,1.0,0
0.0197431854903697,0.0,0.0,2
0.1517954170703888,0.0,0.0,2
0.0406860634684562,0.0,1.0,1
0.0468746237456798,0.0,1.0,2
0.0330371335148811,0.0,0.0,1
0.0518149621784687,0.0,0.0,2
0.1748811602592468,1.0,1.0,0
0.0914621651172638,0.0,0.0,1
0.0276894010603427,0.0,1.0,1
0.0152678489685058,1.0,1.0,1
0.0914621651172638,0.0,0.0,2
0.1378723382949829,1.0,1.0,0
0.0968549698591232,0.0,0.0,2
0.489618718624115,0.0,0.0,2
0.0094582773745059,1.0,1.0,0
0.0311537235975265,0.0,1.0,2
0.1176144555211067,0.0,0.0,2
-0.0119988936930894,0.0,0.0,2
0.0499761775135993,0.0,0.0,1
0.027634909376502,0.0,0.0,1
0.0406020283699035,1.0,1.0,0
0.04102174192667,1.0,1.0,2
0.0469563007354736,0.0,1.0,1
0.5897120237350464,1.0,1.0,0
0.0402671284973621,1.0,1.0,2
0.0327573716640472,0.0,1.0,0
0.4370296001434326,1.0,1.0,1
0.1042721644043922,0.0,0.0,2
0.165137305855751,1.0,1.0,0
0.0208905432373285,0.0,0.0,1
0.1181430891156196,1.0,1.0,0
0.3840661346912384,0.0,1.0,0
0.0788996145129203,0.0,0.0,0
0.1485884487628936,0.0,1.0,0
0.0654602199792862,1.0,1.0,0
0.1089192628860473,0.0,0.0,0
0.0048130704089999,0.0,0.0,1
0.0254203509539365,0.0,0.0,2
0.0422508418560028,0.0,1.0,2
-0.001753756776452,0.0,0.0,2
0.0969309508800506,1.0,1.0,1
0.1934869289398193,0.0,1.0,2
0.1600960791110992,0.0,1.0,1
0.0186360292136669,1.0,1.0,2
0.0163509286940097,0.0,1.0,2
0.0420258231461048,0.0,0.0,1
-0.0419622361660003,0.0,1.0,2
0.0840654149651527,0.0,0.0,0
0.0374236293137073,0.0,1.0,2
0.0250576771795749,0.0,0.0,1
0.0584060102701187,0.0,0.0,0
-0.024334616959095,0.0,0.0,0
0.0611624494194984,0.0,0.0,1
0.0522229969501495,1.0,1.0,0
0.1449732631444931,0.0,1.0,2
0.2911062240600586,0.0,0.0,2
-0.0144190294668078,0.0,1.0,1
0.0608059465885162,0.0,0.0,1
0.0327038019895553,1.0,1.0,2
0.2941939234733581,0.0,0.0,2
0.0121772596612572,0.0,0.0,2
0.0799592062830925,0.0,0.0,1
0.0723262578248977,0.0,0.0,2
0.0335208177566528,0.0,0.0,2
0.0294953323900699,0.0,0.0,0
0.003269100561738,0.0,1.0,0
0.0628080368041992,0.0,1.0,2
0.0167775060981512,1.0,1.0,0
-0.0336289815604686,0.0,1.0,0
0.0963472872972488,0.0,1.0,2
0.4965433478355407,0.0,1.0,2
0.0507891699671745,1.0,1.0,0
0.0092272646725177,0.0,0.0,2
0.1079330816864967,0.0,1.0,2
0.0748120546340942,0.0,1.0,0
0.1173170357942581,0.0,1.0,1
0.0159905590116977,1.0,1.0,1
0.0327278673648834,0.0,1.0,2
0.03479590639472,0.0,0.0,2
0.0910316631197929,1.0,1.0,2
0.0171220675110816,0.0,1.0,1
0.07923374325037,0.0,0.0,2
0.0988843068480491,0.0,0.0,1
0.0010367389768362,0.0,0.0,2
0.0443675443530082,0.0,0.0,2
-0.0058567328378558,0.0,0.0,2
0.043448306620121,0.0,0.0,1
-0.0036776289343833,0.0,0.0,1
0.0482377707958221,0.0,0.0,2
0.0831400230526924,0.0,1.0,2
0.0412379130721092,1.0,1.0,0
0.0875987038016319,0.0,0.0,1
0.0711604803800582,0.0,0.0,2
-0.0176246650516986,0.0,0.0,1
0.0309376660734415,0.0,1.0,1
0.0809251219034195,1.0,1.0,1
0.0956195145845413,0.0,0.0,2
0.4948959648609161,0.25,1.0,2
0.4308638274669647,0.0,0.0,2
0.0823747664690017,0.0,1.0,1
0.0902732983231544,0.0,0.0,2
0.0532782338559627,0.0,0.0,0
0.0725778490304946,0.0,0.0,2
0.0735840275883674,0.0,0.0,1
0.0314460955560207,0.0,0.0,1
0.1346805691719055,0.0,1.0,1
0.1584718376398086,0.0,1.0,2
0.0720251649618148,0.0,0.0,2
0.1641169190406799,0.0,1.0,0
0.2202437818050384,0.0,1.0,2
0.0092845689505338,0.0,0.0,0
0.0693734139204025,1.0,1.0,1
-0.0151432044804096,0.0,0.0,0
0.0067855324596166,1.0,1.0,2
0.0001843590289354,0.0,0.0,2
0.0488813146948814,0.0,0.0,2
0.099682405591011,0.0,1.0,0
-0.0246349666267633,0.0,1.0,0
-0.0047380980104207,0.0,0.0,1
-0.0221360772848129,0.0,1.0,0
0.0262663848698139,1.0,1.0,0
0.4122791886329651,1.0,1.0,1
0.0122040081769227,0.0,0.0,1
0.0829717591404914,0.0,1.0,2
0.0921181514859199,1.0,1.0,1
0.1129723936319351,0.0,0.0,2
0.0599032193422317,1.0,1.0,1
0.0197657346725463,1.0,1.0,0
-0.0078992173075675,0.0,0.0,2
0.0465421602129936,1.0,1.0,1
0.116239458322525,0.0,0.0,2
0.0375989563763141,1.0,0.0,1
0.0910194590687751,0.0,1.0,1
0.0069825197570025,1.0,1.0,0
0.0831487402319908,0.0,0.0,2
0.0348588600754737,0.0,0.0,1
-0.0569027662277221,0.0,1.0,0
0.0488617196679115,1.0,1.0,0
0.0008202195167541,0.0,0.0,2
0.0577519237995147,1.0,0.0,0
-0.0348063334822654,0.0,0.0,1
0.1302193999290466,0.0,0.0,1
-0.001692391000688,0.0,0.0,1
0.0324274748563766,0.0,1.0,2
0.1009448245167732,1.0,1.0,0
0.0410061925649642,0.0,0.0,1
0.0398946776986122,1.0,1.0,0
0.0112703368067741,0.0,1.0,2
-0.0020662508904933,0.0,0.0,0
0.0577448643743991,1.0,1.0,1
0.0502827018499374,0.0,1.0,2
0.1527816653251648,0.0,1.0,2
0.2631496489048004,0.0,0.0,2
0.0198251567780971,1.0,1.0,1
0.0410061925649642,0.0,0.0,1
0.0313165783882141,0.0,1.0,2
0.0497957840561866,0.0,0.0,2
0.0599032193422317,1.0,1.0,1
0.0831857249140739,0.0,0.0,0
0.0173519495874643,0.0,1.0,1
0.0616260841488838,0.0,0.0,2
0.0694188848137855,1.0,1.0,0
0.0419713594019413,0.0,1.0,0
0.0008202195167541,0.0,0.0,1
0.056797370314598,0.0,1.0,0
0.055640809237957,0.0,0.0,1
0.1330488920211792,1.0,1.0,0
0.0792913734912872,0.0,0.0,2
0.0696257203817367,1.0,1.0,0
0.0826973617076873,0.0,1.0,0
0.033325009047985,1.0,1.0,1
-0.0067552514374256,0.0,0.0,1
0.0032738745212554,0.0,0.0,2
0.0867428332567215,0.0,0.0,2
0.4159969091415405,0.0,1.0,0
0.112615019083023,0.0,1.0,0
0.0731125622987747,0.0,0.0,1
0.0908271819353103,0.0,0.0,0
0.0036775469779968,0.0,0.0,2
0.0374153032898902,0.0,1.0,0
0.0588751062750816,0.0,1.0,0
0.4533224701881408,1.0,1.0,2
0.0484250001609325,0.0,0.0,1
-0.000209136866033,0.0,0.0,1
0.4118509888648987,1.0,1.0,0
0.1964467167854309,0.0,1.0,2
-0.031947873532772,0.0,0.0,2
0.0585266575217247,0.0,1.0,1
-0.0207473449409008,1.0,1.0,2
0.1382820755243301,0.0,0.0,2
-0.0168511569499969,0.0,1.0,2
0.0908271819353103,0.0,0.0,1
0.114685446023941,0.0,1.0,0
0.0851410999894142,1.0,1.0,0
0.3295210599899292,0.0,0.0,1
0.0278367400169372,0.0,1.0,2
0.0311708524823188,0.0,1.0,2
0.0046094516292214,1.0,1.0,1
0.0539162829518318,0.0,0.0,2
0.0766407251358032,0.0,0.0,1
0.0563762784004211,0.0,0.0,1
0.133405789732933,0.0,1.0,1
0.0416704267263412,1.0,1.0,0
0.0624780058860778,0.0,1.0,1
0.0304621718823909,1.0,1.0,1
0.0421472117304801,1.0,1.0,0
0.0902918428182601,0.0,0.0,1
0.2629312574863434,1.0,1.0,2
0.086663156747818,0.0,0.0,1
0.1042321994900703,0.0,1.0,1
0.009694205597043,0.0,1.0,1
0.1263207644224167,0.0,0.0,0
0.083561435341835,1.0,1.0,2
0.107534110546112,0.0,1.0,1
0.0898447707295417,0.0,0.0,2
0.0047778729349374,0.0,1.0,2
0.1549284011125564,0.0,0.0,0
0.0862086415290832,0.0,0.0,1
0.2292333543300628,1.0,1.0,0
0.6748687624931335,0.0,0.0,2
0.2430741190910339,1.0,1.0,0
-0.011111244559288,1.0,1.0,1
0.0402353815734386,0.0,1.0,1
0.1037408709526062,0.0,0.0,1
0.1133109927177429,0.0,0.0,2
0.0196345821022987,1.0,1.0,0
0.0614301040768623,0.0,0.0,1
0.0364899933338165,0.0,1.0,0
0.0093820905312895,0.0,1.0,1
0.6469213962554932,1.0,1.0,0
-0.0081085376441478,0.0,0.0,0
0.0271395035088062,0.0,0.0,2
0.0628866404294967,0.0,1.0,1
0.103797011077404,1.0,1.0,0
0.0603772327303886,0.0,1.0,2
0.0840655714273452,0.0,1.0,1
0.2319721281528473,1.0,1.0,1
0.1248134896159172,0.0,0.0,2
0.0670332610607147,0.0,0.0,1
0.1727344989776611,0.0,1.0,0
0.2388256192207336,0.25,1.0,2
0.0894529670476913,0.0,0.0,0
0.0272191148251295,0.0,1.0,1
0.0720451697707176,0.0,0.0,1
0.0687477365136146,0.0,1.0,2
0.1189990192651748,0.0,1.0,0
0.0329900570213794,0.0,1.0,2
0.1090609431266784,0.0,1.0,0
0.0979966223239898,1.0,1.0,1
-0.0243056826293468,0.0,0.0,2
-0.0372002273797988,0.0,0.0,2
-0.0072225518524646,0.0,1.0,2
0.0904992967844009,0.0,1.0,2
0.1067530810832977,1.0,1.0,0
